STT,Tên bài hát,Tác giả,Thể loại
1,Lướt Sóng Đạp Mây,Thiên Tú,Nhạc Hoa Lời Việt
2,Nối lại tình xưa,Vinh Sử,Bolero
3,Vạn Lối Sầu,Quang Lập,Bolero
4,Đừng Hỏi Em Ổn Không,Jin Tuấn Nam,Pop
5,Tạ từ trong đêm,Trần Thiện Thanh,Bolero
6,Ngày Mai Người Ta Lấy Chồng,Đông Thiên Đức,"Pop, Ballad"
7,Biển tình,Lam Phương,Bolero|Lam Phương
8,Hai mùa mưa,Anh Bằng,Bolero
9,Cánh hồng phai,Dương Khắc Linh,"Pop, Balld"
10,Nhân Sinh Quán,Jin Tuấn Nam,Nhạc Hoa Lời Việt
11,Ai Chung Tình Được Mãi,Đông Thiên Đức,Ballad|Đông Thiên Đức|pop
12,Tìm em câu ví sông Lam,Ngô Sỹ Ngọc,Nhạc trữ tình
13,Những lời dối gian,Khúc Lan,
14,Ngoại ô buồn,Anh Bằng,
15,Lại nhớ người yêu,Giao Tiên,
16,Có Duyên Không Nợ,NB3 Hoài Bảo,Nhạc trẻ
17,THÀNH PHỐ BUỒN,Lam Phương,Bolero|Lam Phương
18,Hai mùa mưa,Anh Bằng,
19,Trói Em Lại,Quang Hùng MasterD,"Pop, Rap"
20,Thiên Lý Ơi,Trịnh Trần Phương Tuấn (Jack),Pop
21,Đơn Côi,Hạo Thiên (Kim Thiên),"Pop, Ballad"
22,Xin lỗi,Ngân Giang,Nhạc trữ tình|Ngân Giang
23,Một Vòng Việt Nam,Đông Thiên Đức,Pop
24,Bông mua tím,Hà Phương,
25,Lời tình viết vội,Giao Tiên,
26,Câu đợi câu chờ,Nguyễn Ngọc Thịnh,
27,Hoa Nở Bên Đường,Đông Thiên Đức,Đông Thiên Đức|pop|Ballad
28,Con heo đất,Ngọc Lễ,Nhạc thiếu nhi
29,Thiền Cửa Phật,Kim Tiểu Long,Kim Tiểu Long|Nhạc Phật
30,Anh còn nợ em,Anh Bằng,
31,Mưa đêm tỉnh nhỏ (Mưa đêm tỉnh lẻ),Hà Phương,
32,Căn nhà ngoại ô,Anh Bằng,
33,Hoa trinh nữ,Trần Thiện Thanh,Bolero
34,Xin anh giữ trọn tình quê,Duy Khánh,Duy Khánh|Bolero
35,Mười năm tình cũ,Trần Quảng Nam,
36,Viết từ KBC,Anh Bằng,Bolero
37,Hỏi vợ ngoại thành,Giao Tiên|Hương Vũ,
38,Không bao giờ quên em,Đăng Minh,Ca cổ
39,Sương Trắng Miền Quê Ngoại,Đinh Miên Vũ,Nhạc Trữ Tình
40,Nếu ai có hỏi,Anh Bằng,
41,Không Bằng,AZ Entertainment,pop|AZ Entertainment
42,Đoạn Buồn Đêm Mưa,Vinh Sử|Tú Nhi,
43,Gian dối,Ngọc Sơn,Ngọc Sơn|Bolero
44,Nhớ người yêu (Ck1),Giao Tiên,Bolero
45,Thành phố buồn,Lam Phương,Bolero|Lam Phương
46,Từ đó em buồn,Trần Thiện Thanh,Bolero
47,"Hai Quê (Tức ""Sương Trắng Miền Quê Ngoại"" #2)",Đinh Miên Vũ,Nhạc Trữ Tình
48,Qua cơn mê,Trịnh Lâm Ngân,
49,Thân Sinh Phụ Mẫu,BÌN,Pop
50,Một thuở yêu người,Khúc Lan,
51,Con heo dat,Ngọc Lễ,
52,Rừng lá thấp,Trần Thiện Thanh,Bolero
53,Bài ca kỷ niệm,Tú Nhi|Bằng Giang,Tú Nhi|Bằng Giang|Bolero
54,Đêm buồn tỉnh lẻ (Tỉnh lẻ đêm buồn),Bằng Giang|Tú Nhi,Bolero|Tú Nhi|Bằng Giang
55,Người lạ thoáng qua,Đinh Tùng Huy,Đinh Tùng Huy|Ballad
56,Phút cuối,Lam Phương,Bolero|Lam Phương
57,Sao không thấy anh về (Thương về miền trung 2),Duy Khánh,Duy Khánh|Bolero
58,Xua đi huyền thoại,Thái Hoàng,Bolero|Thái Hoàng
59,Gõ cửa trái tim,Vinh Sử,Bolero
60,Anh về với em,Trần Thiện Thanh,Trần Thiện Thanh|Bolero
61,Cause I Love You,Đỗ Hiếu,Nhạc trẻ
62,Khóc thầm,Lam Phương,Bolero|Lam Phương
63,Giọt buồn không tên,Anh Bằng,
64,Ngõ hồn qua đêm,Hàn Châu|Triết Giang,Hàn Châu|Triết Giang|Bolero
65,Gió,Lắng|N2L,Ballad|N2L|pop|Lắng
66,Tình bơ vơ,Lam Phương,Bolero|Lam Phương
67,Chiều Tây Đô,Lam Phương,Lam Phương|Bolero
68,Mưa Đêm Ngoại Ô,Đỗ Kim Bảng,
69,Sầu lẻ bóng 2,Anh Bằng,
70,Đêm tiền đồn,Lam Phương,Lam Phương|Bolero
71,Cô hàng xóm,Anh Bằng,
72,Thương về miền Trung,Duy Khánh|Châu Kỳ,Bolero|Duy Khánh|Châu Kỳ
73,Những đóm mắt hỏa châu,Hàn Châu,Hàn Châu|Bolero
74,Một khúc tâm tình người Hà Tĩnh,Nguyễn Văn Tý,
75,Dĩ vãng nhạt nhòa,Khúc Lan,
76,Ngày mai tôi về,Hàn Châu,Bolero|Hàn Châu
77,Chuyến đi về sáng,Trần Thiện Thanh|Mạnh Phát,Bolero|Trần Thiện Thanh|Mạnh Phát
78,Hà Tĩnh quê ơi,Ngô Sỹ Ngọc,Nhạc trữ tình
79,Thao thức vì em,Đăng Minh,Ca cổ
80,Đừng lo nhé có anh đây,Thiên Tú,Thiên Tú|Ballad
81,Tuyết lạnh,Anh Bằng,
82,Chuyện ba mùa mưa,Anh Bằng,
83,Hồi tưởng,Anh Bằng,
84,Làm dâu xứ lạ,Vinh Sử,
85,Vu Lan Nhớ Mẹ,Hoàng Duy|Hoàng Mỹ,
86,Cát bụi cuộc đời,Đăng Minh,Ca cổ
87,Là Tại Anh Sai,La Hoàng Qúy,Nhạc trẻ
88,Mưa trên phố Huế,Anh Bằng,
89,Nhớ người yêu ( Ck3 – Lại nhớ người yêu),Giao Tiên,Bolero
90,Điệu buồn chia xa,Duy Khánh,Duy Khánh|Bolero
91,Đoạn tái bút,Bằng Giang|Tú Nhi,Bằng Giang|Bolero|Tú Nhi
92,Em là tất cả (Thao thức vì em),Lam Phương,Lam Phương|Bolero
93,Xa người mình yêu,Vinh Sử,
94,10 Ngàn Năm,TaynguyenSound,TaynguyenSound|Nhạc trẻ
95,Chuyện hoa sim,Anh Bằng,
96,Người thay thế em,Jin Tuấn Nam,Jin Tuấn Nam|pop
97,Trả lại,Anh Bằng,
98,Hoa Cưới,Đạt Long Vinh,Nhạc trẻ
99,Lí Do Là Gì,Nguyễn Vĩ,Nhạc trẻ
100,Mùa đông của anh,Trần Thiện Thanh,Bolero|Trần Thiện Thanh
101,Không giờ rồi,Vinh Sử,
102,Người tình không đến,Đăng Minh,Ca cổ
103,Người tình mùa đông,Anh Bằng,
104,Tìm em câu ví sông Lam,Ngô Sỹ Ngọc,Nhạc trữ tình
105,Giọt lệ sầu,Lam Phương,Lam Phương|Bolero
106,Tôi vẫn nhớ,Ngân Giang,Ngân Giang|Nhạc trữ tình
107,Khi Nhân Duyên Chưa Định,Anh Thi,Nhạc Trẻ
108,Vó ngựa trên đồi cỏ non,Giao Tiên,
109,Tình nhạt phai,Khúc Lan,
110,Người phu kéo mo cau,Vinh Sử,
111,Luật Đời,Hoàng Văn Minh,Nhạc Trữ tình
112,Tình nồng,Khúc Lan,
113,Người em xóm đạo (1970),Bằng Giang,
114,Người tình không đến,Ngân Giang,Ngân Giang|Nhạc trữ tình
115,Đừng nói yêu tôi,Anh Bằng,
116,Chút kỷ niệm buồn,Tô Thanh Sơn,
117,Chiếc lá mùa đông,Khúc Lan,
118,Nhẫn cỏ cho em,Vinh Sử,
119,Lối về đất mẹ,Duy Khánh,Bolero|Duy Khánh
120,Đường về quê hương,Lam Phương,Bolero|Lam Phương
121,Khi không,Vinh Sử,
122,Thành phố sau lưng (Hãy luôn vững tin),Hàn Châu,Hàn Châu|Bolero
123,Lâu đài tình ái,Trần Thiện Thanh|Mai Trung Tĩnh,Bolero|Mai Trung Tĩnh|Trần Thiện Thanh
124,Hàn mặc tử,Trần Thiện Thanh,Bolero|Trần Thiện Thanh
125,Tàu Về Quê Hương,Lý Bông Dừa,Ca cổ
126,Em tuổi 15 ( Tuổi nàng 15),Hoàng Phương,Bolero
127,Chờ đông,Ngân Giang,Nhạc trữ tình|Ngân Giang
128,Tình đẹp mùa chôm chôm,Giao Tiên,
129,Người thương kẻ nhớ,Vinh Sử,Bolero
130,Mùa xuân lá khô,Trần Thiện Thanh,Bolero|Trần Thiện Thanh
131,Đừng như thói quen,Dương Khắc Linh,Pop
132,Cưới Thôi,Masew,Masew|pop
133,Tình Anh,Đình Dũng,Ballad|Đình Dũng
134,Linh hồn tượng đá,Anh Bằng,
135,Phượng buồn,Tuấn Hải,
136,Vết Thù Trên Lưng Ngựa Hoang,Ngọc Chánh,Bolero
137,Người tình mùa đông,Anh Bằng,
138,Từng yêu,Đình Dũng,Ballad|Đình Dũng
139,Tình nào trong mắt em (Đôi mắt người xưa),Ngân Giang,Nhạc trữ tình|Ngân Giang
140,Giã từ,Nhật Thu,Nhật Thu|Nhạc trữ tình
141,Tình lỡ,Đăng Minh,Ca cổ
142,Chỉ Muốn Bên Em Thật Gần,Nguyễn Minh Phúc,Nguyễn Minh Phúc
143,Lối Tàn Hoa,Jin Tuấn Nam,Pop
144,Thu sầu,Lam Phương,Bolero|Lam Phương
145,Xót xa,Lam Phương,Bolero|Lam Phương
146,Tình Ngăn Đôi Bờ,Lý Bông Dừa,Ca cổ
147,Xin Em Đừng Khóc Vu Quy,Đinh Miên Vũ|Linh Phương,Nhạc Trữ Tình
148,Biết trả lời sao,Duy Khánh,Bolero|Duy Khánh
149,Em về kẻo mưa (Em về kẻo trời mưa),Ngân Giang,Nhạc trữ tình|Ngân Giang
150,Hoa sứ nhà nàng 2,Hoàng Phương,Bolero
151,Người đi xây hồ Kẻ Gỗ,Nguyễn Văn Tý,
152,Em say rồi,Nguyễn Văn Chung,Ballad|Nguyễn Văn Chung
153,Tình đơn phương,Minh Tâm,Minh Tâm|Nhạc trữ tình|Hoàng Tuấn
154,Áo cưới màu hoa cà,Hùng Linh,
155,Mãi Mãi Bên Nhau,Đỗ Hiếu,Nhạc trẻ
156,Mộng Tàn Hoa,Thiên Tú,Ballad|Thiên Tú|pop
157,Gánh mẹ,Quách Beem,Ballad
158,Mẹ yêu,Trúc Hồ,Nhạc trữ tình|Trúc Hồ
159,Hai thước đất,Phạm Hưng,Bolero|Phạm Hưng
160,Má Em Chê Anh Nghèo,BÌN,Pop
161,Huế đã xa rồi,Anh Bằng,Bolero
162,Sầu lẻ bóng,Đăng Minh,Ca cổ
163,Chờ người,Lam Phương,Lam Phương|Bolero
164,Hỏi Lòng Liệu Có Bình Yên,Đông Thiên Đức,pop|Đông Thiên Đức|Ballad
165,Đường tình đôi ngã,Ngân Giang,Ngân Giang|Nhạc trữ tình
166,Biển dâu,Anh Bằng,
167,Xin thời gian qua mau (Buồn nào hơn đêm nay),Lam Phương,Lam Phương|Bolero
168,Chuyện hẹn hò,Trần Thiện Thanh,Trần Thiện Thanh|Bolero
169,Nam mô A Di Đà Phật,Vinh Sử,Bolero
170,Nhớ người yêu,Giao Tiên,
171,Hồng trần cõi tạm,Danh Mã Phi Hùng,Nhạc Phật
172,Xin Hãy Rời Xa,Vũ Tuấn Đức,Nhạc trữ tình|Vũ Tuấn Đức
173,Đêm bơ vơ,Duy Khánh,Duy Khánh|Bolero
174,Chiếc áo bà ba,Trần Thiện Thanh,Trần Thiện Thanh|Bolero
175,Cỏ úa,Lam Phương,Bolero|Lam Phương
176,Anh biết em đi chẳng trở về,Anh Bằng,
177,Hương tóc mạ non,Minh Thùy,Ca cổ
178,Nếu hai đứa mình,Anh Bằng,
179,Ngày xưa anh nói,Thanh Tuyền,Nhạc trữ tình
180,Dáng đứng Bến Tre,Nguyễn Văn Tý,
181,Ngàn năm tình vẫn đẹp,Ngân Giang,Ngân Giang|Nhạc trữ tình
182,Vì lỡ thương nhau,Lý Bông Dừa,Ca cổ
183,Đoạn Tuyệt,Lý Bông Dừa,Ca cổ
184,Nếu anh đừng hẹn,Anh Bằng,
185,Neo đậu bến quê,An Thuyên,Dân ca
186,Đèn khuya,Lam Phương,Bolero|Lam Phương
187,Đính ước,Giao Tiên,
188,Khúc Thụy Du,Anh Bằng,Bolero
189,Tình lỡ,Diệp Vàm Cỏ,Ca cổ
190,Đẹp lòng người yêu,Tuấn Hải|Ngọc Sơn,
191,Qua ngõ nhà em,Vinh Sử,
192,Tình đầu tình cuối,Trần Thiện Thanh,Trần Thiện Thanh|Bolero
193,Tình là sợi tơ,Anh Bằng,
194,Bản tình cuối,Giao Tiên|Hương Vũ,Nhạc trữ tình
195,Biển mặn,Trần Thiện Thanh,Bolero
196,Em Ơi Anh Sợ (Sợ Đánh Mất Em),Jin Tuấn Nam,Pop
197,Đám cưới đầu xuân,Trần Thiện Thanh,Bolero|Trần Thiện Thanh
198,Con Đò Lỡ Hẹn,Lý Bông Dừa,Ca cổ
199,Lẻ bóng,Anh Bằng,
200,Huế xưa,Anh Bằng,
201,Hạnh phúc lang thang,Anh Bằng,Bolero
202,Người về đơn vị mới,Bằng Giang,
203,Chờ Đông,Diệp Vàm Cỏ,Ca cổ
204,Chuyện tình Lan và Điệp,Anh Bằng,
205,Cỏ úa,Lam Phương,Lam Phương|Bolero
206,Hỡi người tình,Khúc Lan,
207,Mưa bụi,Vinh Sử,
208,Rồi ngày mai xa nhau,Thanh Triết,Bolero|Thanh Triết
209,Tình Nghèo Có Nhau,Lý Bông Dừa,Ca cổ
210,Ai Khổ Vì Ai,Anh Bằng,
211,Đêm buồn phố thị,Ngọc Sơn,Bolero|Ngọc Sơn
212,Thơ tình của núi,An Thuyên,Nhạc cách mạng
213,Xuân này con không về,Trịnh Lâm Ngân,
214,Đừng hẹn kiếp sau,Đình Dũng,Đình Dũng|Ballad
215,Kỷ niệm chiều mưa,Vũ Phương,Vũ Phương|Bolero
216,Không bao giờ ngăn cách,Trần Thiện Thanh,Bolero|Trần Thiện Thanh
217,Hứa Thật Nhiều Thất Hứa Thât Nhiều,Nguyễn Hoài Anh|Quang Huy,Pop
218,Nỗi Nhớ Nơi Con Tim Mồ Côi,Nguyễn Hoài Anh,Pop
219,Tàn tro,Khúc Lan,
220,Em muốn làm,Nguyễn Văn Chung,Nhạc thiếu nhi
221,Biết đến bao giờ (Đời là vạn ngày sầu),Lam Phương,Lam Phương|Bolero
222,Về quê ngoại,Minh Thùy,Ca cổ
223,Xa em kỷ niệm,Anh Tài,Bolero
224,Không Phải Tại Chúng Mình,Anh Bằng,
225,Người Mang Tâm Sự,Lý Bông Dừa,Ca cổ
226,Thư về em gái thành đô,Duy Khánh,Duy Khánh|Bolero
227,Tình đơn phương,Nhật Hoàng,Nhật Hoàng|Nhạc trẻ
228,Tình đời (Duyên kiếp cầm ca),Anh Bằng,Bolero
229,Lạc mất mùa xuân,Khúc Lan,
230,Vẫy tay chào,Vinh Sử,
231,Cám ơn,Trịnh Lâm Ngân,
232,Kiếp nghèo,Lam Phương,Lam Phương|Bolero
233,Chỉ hai đứa mình thôi nhé,Anh Bằng,
234,Một Trời La Vang (Hợp xướng),Thế Thông,Nhạc thánh ca|Thế Thông
235,Bao la tình Chúa,Nguyên Minh,Thánh ca
236,Tình đầu chưa nguôi,Vũ Tuấn,Vũ Tuấn|Bolero
237,Khúc Thụy Du,Anh Bằng,Bolero
238,Câu hẹn câu thề,Đình Dũng,Đình Dũng|Ballad
239,Tình chỉ đẹp,Vinh Sử,Bolero
240,Hoa Son Vàng,N2L,N2L
241,Hai mươi năm tình đẹp mùa chôm chôm,Giao Tiên,
242,Tuổi học trò,Anh Bằng,
243,Về quê,Minh Thùy,Ca cổ
244,Còn Em Anh Bỏ Cho Ai,Đông Thiên Đức,Đông Thiên Đức|Ballad|pop
245,Câu chuyện đầu năm,Đăng Minh,Ca cổ
246,Luân Đạo Vô Hồi,Jin Tuấn Nam,Pop
247,Kiệu Hoa,BÌN,BÌN|pop
248,Cô Đơn Sẽ Tốt Hơn,Đông Thiên Đức,Đông Thiên Đức|Ballad|pop
249,Anh về kẻo mưa,Ngân Giang,Nhạc trữ tình|Ngân Giang
250,Tan như bọt bèo,Anh Bằng,Bolero
251,Cô Đơn Dành Cho Ai,Nal,Nhạc trẻ
252,Người Ta Nói,Nguyễn Hoài Anh,"Pop, Ballad"
253,Thay Thế,Đông Thiên Đức,Ballad|Đông Thiên Đức|pop
254,Sầu lẻ bóng 1,Anh Bằng,Bolero
255,Ngày buồn,Lam Phương,Lam Phương|Bolero
256,Yêu một mình,Trịnh Lâm Ngân,Bolero
257,Body Shaming,Bùi Công Nam,Nhạc trẻ
258,Tình Yêu Thiên Chúa,Vĩnh Phúc,Nhạc thánh ca
259,Pháp Ta Bà,Jin Tuấn Nam,Pop
260,Tình ca quê hương,Duy Khánh,Bolero|Duy Khánh
261,Phố Hoa Lệ,Đông Thiên Đức,Ballad|Đông Thiên Đức|pop
262,Bông điên điển,Hà Phương,
263,Người tình đầu non,Hàn Châu,Bolero|Hàn Châu
264,Em nào có tội,Khánh Cường,Ballad|Khánh Cường
265,Ngày Ấy Tháng Ấy Năm Ấy,Đông Thiên Đức,Đông Thiên Đức|pop|Ballad
266,Bậu Ơi Đừng Khóc,Hamlet Trương,"Nhạc Trẻ,Nhạc Trữ Tình"
267,Chưa Bao Giờ Em Quên,Sinike,pop
268,Pháo Hồng,Đạt Long Vinh,Nhạc trẻ
269,Nếu em là giai nhân,Giao Tiên,
270,Tiễn Đưa,Lê Đức Long|Đặng Hiển|Trúc Sinh AM,Le Duc Long|Bolero|Truc Sinh AM|Dang Hien
271,Vách Ngọc Ngà,Nguyễn Văn Dĩ Khang (Anh Rồng),Pop
272,Bao Giờ Biết Tương Tư,Ngọc Chánh,Bolero
273,Nhật ký hai đứa mình,Anh Bằng,
274,Em Là Cố Chấp Duy Nhất Của Đời Tôi,Thiên Tú,pop|Thiên Tú|Ballad
275,Cho đến cuối cuộc đời,Trúc Hồ,Trúc Hồ|Nhạc trữ tình
276,Tâm Sự Đời Tôi,Lý Bông Dừa,Ca cổ
277,Vòng nhẫn cưới,Vinh Sử,
278,Lay mẹ con đi,Anh Bằng,Bolero
279,Có Ai Đâu Ngờ,H-Kray|Huỳnh Chương,pop|H-Kray|Huỳnh Chương
280,Đánh Mất Em,Trần Đăng Quang,Trần Đăng Quang|Nhạc ngoại (Trung Quốc)|Lời Việt
281,Đây thôn Vĩ Dạ,Vinh Sử,Bolero
282,Đêm Mưa Nhớ Mẹ,Lý Bông Dừa,Ca cổ
283,Tiền Thắng Tình Thua,Lý Bông Dừa,Ca cổ
284,Tình ta biển bạc đồng xanh,Hoàng Sông Hương,
285,Lính trận miền xa,Bằng Giang,
286,Cho con thấy Chúa,Sr. Hiền Hòa,Sr. Hiền Hòa|Nhạc thánh ca
287,Dang Dở,Nal,Nhạc trẻ
288,Một mai giã từ vũ khí,Trịnh Lâm Ngân,
289,Mưa qua phố vắng,Hà Phương,
290,Xin hãy rời xa,Vũ Tuấn Đức,"Bolero, ĐQ Asia"
291,Lính xa nhà,Trịnh Lâm Ngân,
292,Đừng Ví Em Là Biển,Trần Thanh Tùng,
293,Anh không chết đâu em,Trần Thiện Thanh,Bolero|Trần Thiện Thanh
294,Em là nhất miền Tây,Jin Tuấn Nam,pop|Jin Tuấn Nam
295,Cõi nhớ,Sông Trà,Sông Trà|Nhạc trữ tình
296,Phận gái thuyền quyên,Giao Tiên,
297,Kẻ Viết Ngôn Tình,Đông Thiên Đức,"Pop, Ballad"
298,Hạnh phúc nơi nào,Trịnh Lâm Ngân,Bolero
299,Tuyết trắng,Trần Thiện Thanh,Bolero|Trần Thiện Thanh
300,Mất nhau rồi (Thà trắng thà đen),Giao Tiên,
301,Kẻ Thật Lòng Phía Sau,Zuong Zero,Pop
302,Huế xưa,Anh Bằng,Bolero
303,Một Cuộc Tình Dối Trá,One Music,"Ballad, pop"
304,Già Cùng Nhau Là Được,TaynguyenSound,TaynguyenSound|Nhạc trẻ
305,Mưa chiều,Anh Bằng,Bolero
306,Đêm buồn tỉnh lẻ (Tỉnh lẻ đêm buồn),Bằng Giang|Tú Nhi,Bằng Giang|Tú Nhi|Bolero
307,Gục ngã vì yêu,Phạm Minh Hùng,Phạm Minh Hùng|Bolero
308,Đắp Mộ Cuộc Tình,Lý Bông Dừa,Ca cổ
309,Đêm lang thang,Vinh Sử,Bolero
310,Hận tình,Anh Bằng,
311,Chuyện giàn thiên lý,Anh Bằng,
312,Gặp nhau làm ngơ,Trần Thiện Thanh,Bolero|Trần Thiện Thanh
313,Sương Trắng Miền Quê Ngoại,Lý Bông Dừa,Ca cổ
314,Giọt buồn không tên - Anh Bằng,Anh Bằng,Bolero
315,Nén hương yêu,Duy Khánh|Châu Kỳ,Bolero|Duy Khánh|Châu Kỳ
316,Người tình và quê hương,Trịnh Lâm Ngân,
317,Duyên kiếp,Lam Phương,Bolero|Lam Phương
318,Bạc màu áo trận,Vinh Sử,
319,Chờ Trông Ai,Hồ Phi Nal,Nhạc trẻ
320,Từ lúc em đi,Lam Phương,Lam Phương|Bolero
321,Cô Thắm Không Về,Sinike,pop|Sinike
322,Như một cơn mê,Tuấn Hải,
323,Ngẫu Hứng Lý Qua Cầu,Tamke,Nhạc trẻ|Tamke
324,Chiều nước lũ,Vinh Sử,
325,Mưa lệ,Lam Phương,Lam Phương|Bolero
326,Bông Hoa Chẳng Tồn Tại,N2L|Phạm Sắc Lệnh,"Pop, Ballad"
327,Dù anh nghèo,Vinh Sử,
328,Cơn mê tình ái,Tuấn Hải,
329,Tình theo bến đỗ,Vũ Tuấn,Vũ Tuấn|Bolero
330,Tình,Vũ Tuấn,Bolero|Vũ Tuấn
331,Chuyến xe lam chiều,Vinh Sử,
332,Sẽ hơn bao giờ hết,Trúc Hồ,Nhạc trữ tình|Trúc Hồ
333,Kẹo Bông Gòn,H2K,Nhạc trẻ|H2K
334,Ta Là Của Nhau,Đỗ Hiếu,Nhạc trẻ
335,Thương Thầm,NB3 Hoài Bảo,Nhạc trẻ
336,Chiếc lá cuối cùng,Trần Trịnh,Bolero
337,Tình như mây khói,Lam Phương,Bolero|Lam Phương
338,Mẹ ơi có biết,Nguyễn Văn Chung,Nhạc thiếu nhi
339,Chiều hoang,Lam Phương,Bolero|Lam Phương
340,Chuyện tình ong bướm,Vinh Sử,
341,Đom đóm,Phượng Linh,Trữ tình
342,Một Lần Dang Dở,Trịnh Lâm Ngân,
343,999 Đóa Hồng,Johnny Dũng,Nhạc trữ tình
344,Ca dao em và tôi,An Thuyên,Dân ca
345,Đò sang ngang,Lý Bông Dừa,Ca cổ
346,Trường cũ tình xưa,Duy Khánh,Bolero|Duy Khánh
347,Anh không tha thứ,Đình Dũng,Đình Dũng|Ballad
348,Trăm nhớ ngàn thương,Lam Phương,Lam Phương|Bolero
349,Em Có Biết,H2K,Nhạc trẻ|H2K
350,Tự Ta Đa Tình Tự Ta Đau,Đông Thiên Đức,Ballad
351,À Thì,Tika,Pop
352,Nếu Một Ngày,Reddy,Nhạc trẻ
353,Muốn Anh Là Của Em,Sinike,Sinike|pop
354,Chiều qua phà Hậu Giang,Trịnh Lâm Ngân,
355,Rồi Tới Luôn,Nal,Nhạc trẻ
356,Lụy Tình,Lâm Triệu Minh,Lâm Triệu Minh
357,Tình chết theo mùa đông,Lam Phương,Lam Phương|Bolero
358,Em,Nguyễn Quốc Cường,Nhạc trẻ
359,Ngày Mai Tôi Sẽ Viết Sách,Đông Thiên Đức,Pop
360,Những tâm hồn cô đơn,Anh Bằng,Bolero
361,Nỗi lòng người đi ( Tôi xa Hà Nội),Anh Bằng,Bolero
362,Sai lầm của anh,Đình Dũng,Đình Dũng|Ballad
363,Chiều mưa biên giới,Nguyễn Văn Đông,Trữ tình
364,Đời Lan và Điệp (Lan và Điệp 4),Anh Bằng,Bolero
365,Lời Cuối Cho Em,Đỗ Kim Bảng,Nhạc vàng
366,Phải lòng con gái bến tre,Phan Ni Tấn,Nhạc trữ tình
367,Tình Ca Sĩ,Vũ Xuân Hùng,Lời Việt|Nhạc ngoại|Vũ Xuân Hùng
368,Hương Hoa Phai Tàn,H2K,Nhạc trẻ|H2K
369,Yêu lầm,Giao Tiên,
370,Trăm nhớ ngàn thương,Lam Phương,Bolero|Lam Phương
371,Con heo đất,Ngọc Lễ,Nhạc thiếu nhi
372,Đứng Sau Một Cuộc Tình,Lâm Triệu Minh,Lâm Triệu Minh
373,Nhớ người yêu ( Ck2 – Thương nhớ người yêu),Giao Tiên,Bolero
374,Hoa sứ nhà nàng 1,Hoàng Phương,
375,Bất quá nhân gian,Nguyễn Duy Tùng,Nhạc Hoa
376,Lần đầu cũng là lần cuối (Lần đầu lần cuối),Anh Bằng,
377,Mùa xuân của mẹ,Trịnh Lâm Ngân,
378,Ngàn Thu Áo Tím,Vĩnh Phúc,Nhạc tình ca
379,16 trăng tròn,Trần Thiện Thanh,Bolero|Trần Thiện Thanh
380,Hoa Tàn Tình Tan,AZ Entertainment,pop|AZ Entertainment
381,Trái tim lầm lỡ,Khúc Lan,
382,Chung một dòng sông,Hoàng Phương,Nhạc trữ tình
383,Tôi vẫn cô đơn,Anh Bằng,Bolero
384,Là Anh Ngộ Nhận,Lê Công Nguyên Khải,Pop
385,Phận nghèo,Nhật Thu,Nhạc trữ tình|Nhật Thu
386,Ngày em đi,Lam Phương,Lam Phương|Bolero
387,Xin Em Đừng Khóc Vu Quy,Lý Bông Dừa,Ca cổ
388,Tìm về tuổi dại,Hàn Châu,Bolero|Hàn Châu
389,Lời trần tình,Sr. Hiền Hòa,Hàn Châu
390,Áo đẹp nàng dâu,Anh Bằng,
391,Buồn chi em ơi,Lam Phương,Lam Phương|Bolero
392,Người không cô đơn,Vinh Sử,
393,Một đời yêu em (một đời yêu anh),Trần Thiện Thanh,Trần Thiện Thanh|Bolero
394,Xin người đừng yêu tôi,Ngân Giang,Ngân Giang|Nhạc trữ tình
395,Vùng Lá Me Bay,Lý Bông Dừa,Ca cổ
396,Em ơi lên phố,Nguyễn Đình Vũ,Ballad|Nguyễn Đình Vũ
397,Ai ra xứ Huế,Duy Khánh,Duy Khánh|Bolero
398,Chỉ có em,Lam Phương,Lam Phương|Bolero
399,Gặp Được Nhau,Hoàng Văn Minh,Nhạc trữ tình
400,Bốn ngả đường quê hương,Anh Bằng,
401,Chín bậc tình yêu,An Thuyên,Dân ca
402,Cafe Không Đường,Nguyễn Cường Thịnh (Jombie),Pop
403,Mai anh đi rồi,Bằng Giang,
404,Dẫu Chỉ Là Ký Ức,Đông Thiên Đức,Ballad|Đông Thiên Đức|pop
405,Thương Em Dữ Chưa,Nguyễn Phi Hải,"Pop, Ballad "
406,Khi người yêu tôi khóc,Trần Thiện Thanh,Trần Thiện Thanh|Bolero
407,Tâm hồn cô đơn,Anh Bằng,Bolero
408,Sầu lẻ bóng 3,Anh Bằng,Bolero
409,Cháy Nhà Ra Mặt Chuột,Lộn Xộn Band,Nhạc trẻ|Lộn Xộn Band
410,Như giấc chiêm bao,Lam Phương,Lam Phương|Bolero
411,Cuối trời đợi mong,Giao Tiên,Bolero
412,Lời quê,Nguyễn Ngọc Thịnh,
413,Thà Rằng Như Thế,Nguyễn Hoài Anh,"Pop, Ballad"
414,Đêm trên đỉnh sầu,Ngân Giang,Ngân Giang|Nhạc trữ tình
415,Chuyện tình Lan và Điệp 1,Anh Bằng,
416,Thương về miền đất lạnh,Anh Bằng,
417,Thương Thì Về Đây,Trường Lê,Trường Lê|pop
418,Tâm sự người lính trẻ,Trần Thiện Thanh,Bolero|Trần Thiện Thanh
419,Hình bóng quê nhà,Đăng Minh,Ca cổ
420,Sài Gòn ơi vĩnh biệt,Lam Phương,Bolero|Lam Phương
421,Còn lại một mình,Nguyễn Ngọc Thiện,Hoàng Tuấn|Nguyễn Ngọc Thiện|Nhạc trữ tình
422,Chuyện ngày xưa,Giao Tiên,Bolero
423,Hồn trinh nữ,Trịnh Lâm Ngân,
424,Trang Nhật Ký,Vĩnh Phúc,
425,Anh Thì Không,Vũ Xuân Hùng,Nhạc ngoại|Vũ Xuân Hùng|Lời Việt
426,Lời tỏ tình đáng yêu,Giao Tiên,
427,Ký Ức Của Một Người Say,Đông Thiên Đức,"Pop, Ballad"
428,Anh Chỉ Biết Câm Nín Nghe Tiếng Em Khóc,Nguyễn Hoài Anh,Pop
429,Lan Và Điệp 4,Hamlet Trương,Nhạc Trữ Tình
430,Đà Lạt hoàng hôn,Anh Bằng,
431,Lệ Đá,Trần Trịnh,
432,Đêm vũ trường,Anh Bằng,
433,Đau Xót Lý Con Cua,Lý Bông Dừa,Ca cổ
434,Đến Sau,Hamlet Trương|Gia Đoàn,Pop
435,Yêu Sai Người,Đông Thiên Đức,Đông Thiên Đức|Ballad|pop
436,Ngày xưa,Anh Bằng,Bolero
437,Chúng ta rồi sẽ hạnh phúc,Trịnh Trần Phương Tuấn (Jack),Nhạc trẻ
438,Cứ ngỡ là anh,Đinh Tùng Huy,Ballad|Đinh Tùng Huy
439,Xin Hãy Rời Xa,Đỗ Hiếu,Nhạc trẻ
440,Tình yêu nào đêm nay,Hàn Châu,Bolero|Hàn Châu
441,Mùa mưa đi qua,Hà Phương,
442,Tình đời (Duyên kiếp cầm ca),Anh Bằng,
443,Yêu Là Cưới,Sinike,Sinike|pop
444,Cho người tình nhỏ,Anh Bằng,
445,Phát Nguyện Trì Kinh,Giác An,Giác An|Phật giáo
446,Như Anh Mơ,TaynguyenSound,Nhạc trẻ|TaynguyenSound
447,Dậy đi ba ơi,Đông Phương Tường,Nhạc thiếu nhi
448,Buồn,Lam Phương,Lam Phương|Bolero
449,Tuyệt Sắc,Nam Đức,Nam Duc|Nhạc trẻ
450,Người lạ từng thương,Như Việt,Ballad|Như Việt
451,Gái nhà nghèo,Vinh Sử,
452,Hà Tĩnh quê ơi,Ngô Sỹ Ngọc,Nhạc trữ tình
453,Hương Tình Cũ,Hamlet Trương,"Nhạc Trẻ,Nhạc Trữ Tình"
454,Mèo lười,Nguyễn Văn Chung,Nhạc thiếu nhi
455,Mất nhau rồi (Thà trắng thà đen),Giao Tiên,
456,Người Thứ Ba,Nguyễn Hoài Anh,Pop
457,Thành phố mưa bay,Bằng Giang,
458,Lệ Đá,Trần Trịnh,Bolero
459,Tết Này Có Nhau,Hoa Vũ,Pop
460,Mùa xuân không còn nữa,Lam Phương,Bolero|Lam Phương
461,Giờ Không Cưới Thì Nào Cưới,Hồng Quân WyTy,Pop
462,Dặm Trường Tương Tư,Dee Trần,Nhạc trẻ
463,Một Trời La Vang,Thế Thông,Nhạc thánh ca|Thế Thông
464,Lính trận xa nhà,Trịnh Lâm Ngân,
465,Thư tình của lính,Trần Thiện Thanh,Trần Thiện Thanh|Bolero
466,Anh làm gì sai,Khánh Cường,Khánh Cường|Ballad
467,Không sao em à,Đinh Tùng Huy,Ballad|Đinh Tùng Huy
468,Chuyện tình ngưu lang chức nữ,Anh Bằng,
469,Em Làm Du Xứ Nghệ,Ngô Sỹ Ngọc,Nhạc trữ tình
470,Bài Tango cho em,Lam Phương,Lam Phương|Bolero
471,Chung vầng trăng đợi,Đăng Minh,Ca cổ
472,Kiếp ve sầu,Lam Phương,Lam Phương|Bolero
473,Sa mạc tình yêu,Khúc Lan,
474,Một mình,Lam Phương,Lam Phương|Bolero
475,Con gái của mẹ,Giao Tiên,
476,Không còn nhớ người yêu,Vinh Sử,
477,Anh còn yêu em,Anh Bằng,Bolero
478,Chuyện một người đi,Trần Thiện Thanh,Bolero|Trần Thiện Thanh
479,Anh cần có em,Khúc Lan,Nhạc ngoại lời Việt
480,Ghé Qua,TaynguyenSound,TaynguyenSound|Nhạc trẻ
481,Con Tim Không Đổi Thay,Dee Trần,Nhạc trẻ
482,Chuyến đò vỹ tuyến,Lam Phương,Bolero|Lam Phương
483,Chờ đông,Ngân Giang,Bolero|Ngân Giang
484,Nó,Anh Bằng,Bolero
485,Ai Là Người Thương Em,Thanh Hưng,pop|Great Entertainment
486,Đợi em trong mơ,Nguyễn Huy Điền,Nguyễn Huy Điền|Nhạc trữ tình
487,Như vạt nắng,Trúc Hồ,Nhạc trữ tình|Trúc Hồ
488,Khi Thế Giới Mất Đi Một Người,Lâm Triệu Minh,Lâm Triệu Minh
489,Tình đầu dang dở,Vũ Phương,Bolero|Vũ Phương
490,Ơn Cha,Ngô Huỳnh,Ngô Huỳnh|Bolero
491,Còn nhớ không em,Trúc Hồ,Trúc Hồ|Nhạc trữ tình
492,Út Cưng,Nguyễn Văn Tý,
493,Đời còn cô đơn,Đài Phương Trang|Trúc Hồ,Trúc Hồ|Nhạc trữ tình|Đài Phương Trang
494,Anh Vẫn Ở Đây,Đông Thiên Đức,Đông Thiên Đức|Ballad|pop
495,Thiệp Hồng Người Dưng,Sinike,pop
496,Đôi bóng,Anh Bằng,
497,Đêm sầu đời,Vinh Sử,
498,Anh là tia nắng trong em,Trúc Sinh,Nhạc trữ tình|Trúc Sinh
499,Giấc ngủ cô đơn,Anh Bằng,Bolero
500,Lý con sáo bạc liêu,Phan Ni Tấn,Nhạc trữ tình
501,Đời người,Vinh Sử,Bolero
502,Cơm Đoàn Viên,Đông Thiên Đức,"Pop, Ballad"
503,Trả lại em,Lam Phương,Bolero|Lam Phương
504,Chuyện tình hoa muống biển,Hoàng Phương,
505,Chiếc lá cuối cùng,Trần Trịnh,Bolero
506,Tình đẹp như mơ,Lam Phương,Lam Phương|Bolero
507,Như Phút Ban Đầu,Đỗ Hiếu,Nhạc trẻ
508,Bức tranh xuân(Con bướm xuân),Anh Bằng,
509,Áng Mây Vô Tình,Lương Gia Hùng,"Pop, Ballad"
510,Như Bến Đợi Đò,Hana Cẩm Tiên,"pop, ballad"
511,Chiều Đồng Quê,Lý Bông Dừa,Ca cổ
512,Vòng Quay Thời Gian,Lã Phong Lâm,Pop
513,Mẹ Đã Xa Rồi,Đông Thiên Đức,pop|Đông Thiên Đức|Ballad
514,Bao giờ em quên,Duy Khánh,Bolero|Duy Khánh
515,Yêu một người gian dối,Khánh Cường,Khánh Cường|Ballad
516,Thiên đàng ái ân,Lam Phương,Lam Phương|Bolero
517,Miệng đời,Hoàng Văn Minh,Nhạc Trữ Tình
518,Ý trời,Trường Lê,pop|Trường Lê
519,Còn Gì Đau Hơn Chữ Đã Từng,Rin9,pop|Rin9
520,Bên nhau đêm nay,Anh Tài,Bolero
521,Chờ đến bao giờ,Nguyễn Huy Điền,Nguyễn Huy Điền|Nhạc trữ tình
522,Anh Ở Đâu,Dương Khắc Linh,"Pop, Ballad"
523,Hiểu Và Thương,Thích Nhật Từ,Nhạc phật giáo
524,Tan vỡ,Lam Phương,Lam Phương|Bolero
525,Nắm,ViAM,Ballad|ViAM
526,Con heo đất,Ngọc Lễ,Nhạc thiếu nhi
527,Tình cha,Đăng Minh,Ca cổ
528,Tháng Năm Không Quên,H2K,Nhạc trẻ|H2K
529,Gió thổi bên sông,Ngọc Sơn,Bolero|Ngọc Sơn
530,Nếu anh còn mẹ,Chế Phi,Nhạc trữ tình
531,Vùng quê tương lai,Duy Khánh,Bolero|Duy Khánh
532,Thế giới hoạt hình,Nguyễn Văn Chung,Nhạc thiếu nhi
533,Ngày xuân vui cưới,Quốc Anh,
534,Tôi vẫn cô đơn,Anh Bằng,
535,Khi đã yêu,Phượng Linh,Trữ tình
536,Mắt Biếc,TaynguyenSound,TaynguyenSound|Nhạc trẻ
537,Vu Lan Nhớ Mẹ,Giác An,Giác An|Phật giáo
538,Tát Nhật Lang Rực Rỡ,Fanny Trần,Pop
539,Đám cưới miền tây,Trường Lê,pop|Trường Lê
540,Hơn bất cứ ai (Bạch nguyệt quang),Nguyễn Duy Tùng,Nhạc Hoa
541,Dư âm,Nguyễn Văn Tý,Nhạc trữ tình
542,Nỗi lòng cô gánh gạo,Ngân Giang,Nhạc trữ tình|Ngân Giang
543,Thiệp Hồng Người Dưng,Sinike,Sinike|pop
544,Dửng dưng,Giao Tiên,Bolero
545,Tuyệt tình ca,Giao Tiên,Bolero
546,Hai chữ đã từng,Như Việt,Ballad|Như Việt
547,Mai tôi đi,Anh Bằng,Bolero
548,UMEE,Jin Tuấn Nam,Jin Tuấn Nam|pop
549,Cho em quên tuổi ngọc,Lam Phương,Lam Phương|Bolero
550,Tâm Sự Người Hát Bài Quê Hương,Trịnh Lâm Ngân,Bolero
551,Phút Cuối,Rica,Nhạc trẻ|Rica
552,Lời con xin Chúa,Tuấn Hải,
553,Ba thật là giỏi,Nguyễn Văn Chung,Nhạc thiếu nhi
554,Chúng mình đừng ngại,Hùng Linh,Bolero
555,Người Đứng Sau Hạnh Phúc,Hamlet Trương,"Nhạc Trẻ,Nhạc Trữ Tình"
556,Tình em ngọn nến,Khúc Lan,
557,Thanh Xuân Anh Em Để Đâu,H-Kray,pop|H-Kray
558,Hoa biển,Trần Thiện Thanh|Anh Thy,Anh Thy|Trần Thiện Thanh|Bolero
559,Sầu tím thiệp hồng,Đăng Minh,Ca cổ
560,Mùa xuân cưới em,Đăng Minh,Ca cổ
561,Nhớ nhau trong đời,Giao Tiên,
562,Biết Chưa,Kim Kim Gà,Nhạc Hoa Lời Việt
563,Đoạn tuyệt,Phượng Linh,Trữ tình
564,Cánh Hoa Tình Yêu,Vĩnh Phúc,Nhạc tình ca
565,Tình Yêu Thiên Chúa,Thế Thông,Thế Thông|Nhạc thánh ca
566,Ngày Xuân Thăm Nhau,Trịnh Lâm Ngân,
567,Tôi Đi Tìm Tôi,Nguyễn Hoài Anh,Pop
568,Chuyện giàn thiên lý 1,Anh Bằng,Bolero
569,Chuyện tình yêu,Giao Tiên,Bolero
570,Tất Cả Sẽ Thay Em,Hamlet Trương,"Nhạc Trẻ,Nhạc Trữ Tình"
571,Tình nghĩa đôi ta chỉ thế thôi,Lam Phương,Bolero|Lam Phương
572,Trúc xinh,Như Việt,Ballad|Như Việt
573,Vợ Tôi,Giác An,Phật giáo|Giác An
574,Tủi Phận,Lý Bông Dừa,Ca cổ
575,Người giàu cũng khóc,Vinh Sử,
576,Lửng Lơ,Masew|Ý Tiên|RedT,RedT|Ý Tiên|pop|Masew
577,12 Con giáp,Nguyễn Văn Chung,Nhạc thiếu nhi
578,E Là Không Thể,Đông Thiên Đức,Đông Thiên Đức|pop|Ballad
579,Một Mai Giã Từ Vũ Khí,Trần Trịnh,
580,Khúc nhạc buồn,Khúc Lan,
581,Em Gái Mưa,Lý Bông Dừa,Ca cổ
582,Hồng Trần Cõi Tạm,Khang Lê,Pop
583,Anh hãy về đi,Vinh Sử,
584,Hãy Để Anh Yên,Đông Thiên Đức,Ballad|pop|Đông Thiên Đức
585,Sao anh không đến,Anh Bằng,Bolero
586,Luân vũ ngày mưa,Khúc Lan,Nhạc ngoại lời Việt
587,Phố Cũ Còn Anh,Phạm Duy Anh,Phạm Duy Anh|Ballad - pop
588,Kỷ niệm thời con gái,Vinh Sử,Bolero
589,Hoa tím bằng lăng,Vũ Phương,Vũ Phương|Bolero
590,Trên lối nhỏ,Vinh Sử,Bolero
591,Yêu một mình,Trịnh Lâm Ngân,
592,Áo thơm rơm (Tình đẹp hậu giang),Trần Thiện Thanh,Bolero|Trần Thiện Thanh
593,Nét buồn thời chiến,Vinh Sử,
594,Tình lầm lỡ,Khúc Lan,Nhạc ngoại lời Việt
595,Đại thiên bồng,Nguyễn Duy Tùng,Nhạc Hoa
596,Lá sầu riêng,Hoàng Cầm|Nguyên Chi,Bolero
597,Lỡ một cuộc tình số 2,Anh Bằng,Bolero
598,Lời Yêu Thương,Thế Thông,Thế Thông|Nhạc thánh ca
599,Tình yêu vỗ cánh,Vinh Sử,Bolero
600,Bé đi Sở Thú,Nguyễn Văn Chung,Nhạc thiếu nhi
601,Trọn Vẹn Nghĩa Tình,Đinh Tùng Huy,Pop
602,Cám ơn người tình,Lam Phương,Bolero|Lam Phương
603,Chú Vịt Con,Đông Phương Tường,Bolero
604,Tình có như không,Trần Thiện Thanh,Trần Thiện Thanh|Bolero
605,Đêm dài chiến tuyến,Lam Phương,Lam Phương|Bolero
606,Gạt Đi Nước Mắt,Đỗ Hiếu,Nhạc trẻ
607,Người Ta,Huy Hiếu,pop|Huy Hiếu
608,Tình đơn côi,Giao Tiên,Bolero
609,Hào hoa,Giao Tiên,
610,Về quê cấm câu,Đăng Minh,Ca cổ
611,Chiều tàn,Lam Phương,Lam Phương|Bolero
612,Em Ơi Đừng Sầu,NB3 Hoài Bảo,Nhạc trẻ
613,Mưa bụi 2,Vinh Sử,
614,Lồng đèn trung thu,Nguyễn Văn Chung,Nhạc thiếu nhi
615,Người yêu của lính,Trần Thiện Thanh,Bolero|Trần Thiện Thanh
616,Lời yêu cuối,Lam Phương,Bolero|Lam Phương
617,Tấm áo chiến sĩ mẹ vá năm xưa,Nguyễn Văn Tý,
618,Bông Hoa Đẹp Nhất,Great Entertainment,Great Entertainment|pop
619,Ưng Thì Nói,Jin Tuấn Nam,Pop
620,Năm 17 tuổi,Vinh Sử,
621,Trả Anh Về,Lý Bông Dừa,Ca cổ
622,Ngày xưa thân ái,Giao Tiên,Bolero
623,Khi,Vũ Tuấn Đức,Vũ Tuấn Đức|Nhạc trữ tình
624,Hương tình muộn (thơ Hương Thảo),Trịnh Lâm Ngân,
625,Sao em không đến,Anh Bằng,Bolero
626,Chung vầng trăng đợi,Hoàng Phương,Bolero
627,Xuân Đã Về,Thích Nhật Từ,Nhạc phật giáo
628,Xóa tên anh đi,Trịnh Trần Phương Tuấn (Jack),Nhạc trẻ
629,Trở lại phố cũ,Minh Khang,Nhạc trữ tình|Minh Khang|Hoàng Tuấn
630,Tìm Em Trong Ký Ức,Hamlet Trương,"Nhạc Trẻ,Nhạc Trữ Tình"
631,Anh Sáu về quê,Vinh Sử,
632,Khúc Thụy Du,Anh Bằng,
633,Vụ án Mã Ngưu,Đăng Minh,Ca cổ
634,Em chọn lối này,An Thuyên,Nhạc cách mạng
635,Lần đầu cũng là lần cuối (Lần đầu lần cuối),Anh Bằng,Bolero
636,Tình vẫn thiết tha,Khúc Lan,Nhạc ngoại lời Việt
637,Hoài mong,Khúc Lan,Nhạc ngoại lời Việt
638,Hai bàn tay trắng,Vinh Sử,
639,Tình Chúa,Thế Thông,Nhạc thánh ca|Thế Thông
640,So Đo,Đông Thiên Đức,"Pop, Ballad"
641,Trường cũ tình xưa,Diệp Vàm Cỏ,Ca cổ
642,Đôi Mươi,Trần Trịnh,Bolero
643,Nỗi lòng chinh nhân,Hàn Châu,Hàn Châu|Bolero
644,Đêm gọi người yêu,Anh Bằng,Bolero
645,Mực tìm mồng tơi,Hàn Châu,Hàn Châu|Bolero
646,Nếu có ai hỏi,Anh Bằng,
647,Có Không Giữ Mất Đừng Tìm,Bùi Công Nam,Nhạc trẻ
648,Xin Anh Đừng,Đỗ Hiếu,Nhạc trẻ
649,Cơn mưa hạ,Trúc Hồ|Trầm Tử Thiêng,Nhạc trữ tình|Trầm Tử Thiêng|Trúc Hồ
650,Ly cafe cuối cùng,Anh Bằng,
651,Cung đàn mới,Ngô Hồng Khanh,Ca cổ
652,Sắc hoa màu nhớ,Vì Dân,Trữ tình
653,Căn nhà mộng ước (Mộng ước đây rồi em ở đâu),Hoàng Phương,
654,Buồn không em,Lam Phương,Bolero|Lam Phương
655,Phiêu Bồng,TaynguyenSound,Nhạc trẻ|TaynguyenSound
656,Gửi Người Em Hà Tĩnh,Phạm Tôn Tẫn  - Đinh Hữu Tân,Nhạc Trữ tình quê hương
657,Ước Nguyện Đầu Xuân,Giác An,Giác An|Phật giáo
658,Mùa chia tay,Duy Khánh,Bolero|Duy Khánh
659,Hà nội và tôi,Trần Thiện Thanh,Trần Thiện Thanh|Bolero
660,Và Như Thế Em Đi,Nguyễn Hoài Anh,Pop
661,Em Gái Quê,Lý Bông Dừa,Ca cổ
662,Không đáng để thương,Đinh Tùng Huy,Đinh Tùng Huy|Ballad
663,Bọt biển,Lam Phương,Bolero|Lam Phương
664,Ơn Phật Đã Chọn Con,Thích Nhật Từ,Nhạc phật giáo
665,Thương Lắm Mình Ơi,Lý Bông Dừa,Ca cổ
666,Chúa Đã Sống Lại,Thế Thông,Nhạc thánh ca|Thế Thông
667,Chủ nhật buồn,Anh Bằng,Bolero
668,Bức tâm thư,Lam Phương,Lam Phương|Bolero
669,Vòng Tay Giữ Trọn Ân Tình,Đỗ Kim Bảng,Nhạc vàng
670,Bụi Bay Vào Mắt,Hamlet Trương,"Nhạc Trẻ,Nhạc Trữ Tình"
671,Em về miệt thứ,Hà Phương,
672,Đêm nghe hát đò đưa nhớ Bác,An Thuyên,Nhạc cách mạng
673,Trời ghen má đỏ,Vinh Sử,
674,Tết Này Con Sẽ Về,Bùi Công Nam,Nhạc trẻ
675,Hoài cổ,Đăng Minh,Ca cổ
676,Sợ đánh mất em,Jin Tuấn Nam,Jin Tuấn Nam|pop
677,Mùa thu yêu đương,Lam Phương,Lam Phương|Bolero
678,Vầng trăng tình yêu,Trúc Hồ,Trúc Hồ|Nhạc trữ tình
679,Lời Chúc Ngọt Ngào,Jin Tuấn Nam,"Pop, ballad"
680,Trịnh Gia,Trịnh Trần Phương Tuấn (Jack),Nhạc trẻ|Trịnh Trần Phương Tuấn (Jack)
681,Xe hoa cách biệt,Hùng Linh,Bolero
682,Hoàng tử trong mơ,Giao Tiên,
683,Giờ đã không còn nữa,Trúc Hồ,Nhạc trữ tình|Trúc Hồ
684,Trót Trao Duyên,NB3 Hoài Bảo,Nhạc trẻ
685,Hạ Buồn,Ngô Hồng Khanh,Ca cổ
686,Ngày xưa lên năm lên ba,Duy Khánh|Trầm Tử Thiêng,Duy Khánh|Bolero|Trầm Tử Thiêng
687,Hoa nào anh quên,Khúc Lan,Nhạc ngoại lời Việt
688,Ước Nguyện Đầu Xuân,Giác An,Giác An|Phật giáo
689,Em Khoái Anh Rồi,Hào JK,"Pop, Ballad"
690,Anh,Nguyễn Văn Đông,Trữ tình
691,Sầu cố đô (Không bao giờ em quên),Duy Khánh,Bolero|Duy Khánh
692,Đứng Sau Cuộc Tình 2 (Em Chúc Anh Hạnh Phúc ),Lâm Triệu Minh,Lâm Triệu Minh
693,Trúc đào,Anh Bằng,
694,Vẫn mong chờ anh,Nguyễn Huy Điền,Nhạc trữ tình|Nguyễn Huy Điền
695,Nắng đẹp miền Nam,Lam Phương,Lam Phương|Bolero
696,Cuối Cùng Thì,Trịnh Trần Phương Tuấn (Jack),Nhạc trẻ|Trịnh Trần Phương Tuấn (Jack)
697,Có Yêu Được Không,Jin Tuấn Nam,Pop
698,Đêm Tuyệt Vời,Trần Trịnh,Bolero
699,Ánh mắt quê hương,Hoàng Phương,Bolero
700,Hương thầm,Anh Bằng,
701,Anh thợ giầy,Vinh Sử,Bolero
702,Gặp Lại Chỉ Là Người Lạ,DGRADE,Nhạc trẻ
703,Cứ Thế Rời Xa,Yến Tatoo,Yến Tatoo|pop
704,Chuyện người con gái ao sen,Anh Bằng,
705,Tình mẹ,Lam Phương,Lam Phương|Bolero
706,Một đời yêu em (một đời yêu anh),Trần Thiện Thanh,Trần Thiện Thanh|Bolero
707,Vầng trăng đêm trôi,Lê Quang,Lê Quang|Nhạc trữ tình|Hoàng Tuấn
708,Nửa đêm biên giới,Anh Bằng,
709,Huế thương,An Thuyên,Dân ca
710,Sài Gòn thứ bảy,Anh Bằng,Bolero
711,Vì Sao Trong Lòng Tôi,Ưng Hoàng Phúc,Nhạc trẻ
712,Tình Mẹ,Giác An,Giác An|Phật giáo
713,Mùa Hoa Đào,Việt Sơn,Ca cổ
714,Mưa,Hà Phương,Bolero
715,Nửa Mảnh Tình Rơi,Lý Bông Dừa,Ca cổ
716,Còn gì mà mong,Anh Bằng,Bolero
717,Trái tim mùa đông,Trúc Hồ,Nhạc trữ tình|Trúc Hồ
718,Thiệp Hồng,Trường Lê,Trường Lê|pop
719,Cô Thắm về làng,Giao Tiên,Bolero
720,Tango dĩ vãng,Anh Bằng,Bolero
721,Đời Là Thế Thôi,Lý Bông Dừa,Ca cổ
722,Đi học về,Giao Tiên,Bolero
723,Dòng Sông Tuổi Nhỏ,Vũ Xuân Hùng,Vũ Xuân Hùng|Lời Việt|Nhạc ngoại
724,Xin Tự Hiểu Mình,Vũ Xuân Hùng,Nhạc ngoại|Lời Việt|Vũ Xuân Hùng
725,Nghĩa mẹ tình cha,Vũ Tuấn,Vũ Tuấn|Bolero
726,Vợ Chồng Son,Hamlet Trương,"Nhạc Trẻ,Nhạc Trữ Tình"
727,Lên chùa cầu duyên,Giao Tiên,Bolero
728,Tuổi xuân con gái,Trịnh Lâm Ngân,Bolero
729,Xin Trả Cho Em,Lý Bông Dừa,Ca cổ
730,Mây Lang Thang,TaynguyenSound,TaynguyenSound|Nhạc trẻ
731,Chuyện tình Lan và Điệp 3,Anh Bằng,
732,Bai tho tinh lua trang,Anh Bằng,Bolero
733,Em là cô gái anh thương,Ngô Sỹ Ngọc,Nhạc trữ tình
734,Mất nhau mùa đông,Anh Bằng,
735,Tình nồng cháy,Anh Bằng,Bolero
736,Lãng Du,TaynguyenSound,Nhạc trẻ|TaynguyenSound
737,Anh Ôm Em Được Không,Đông Thiên Đức,"Pop, Ballad"
738,Đại Bi Thần Chú,Ưng Hoàng Phúc,Pop
739,Ai Thay Bác Đốt Lò,Duy Hung,Nhạc Việt
740,Tình Mẹ - Ơn Mẹ,Ngô Huỳnh,Ngô Huỳnh|Bolero
741,Là Anh,Bùi Huy Hiếu,pop
742,Ngại ngùng,Trần Thiện Thanh,Trần Thiện Thanh|Bolero
743,Ba mùa mưa,Anh Bằng,Bolero
744,Hoa Hải Đường,Trịnh Trần Phương Tuấn (Jack),Trịnh Trần Phương Tuấn (Jack)|Nhạc trẻ
745,Ta Có,Ngắn,Nhạc trẻ|Ngắn
746,Nói Sao Cho Em Hiểu,Vũ Xuân Hùng,Lời Việt|Vũ Xuân Hùng|Nhạc ngoại
747,Người đầu gió,Hàn Châu,Hàn Châu|Bolero
748,Chị Tôi,Diệp Vàm Cỏ,Ca cổ
749,Ngàn thu vĩnh biệt,Ngân Giang,Nhạc trữ tình|Ngân Giang
750,Mượn Tình,BÌN,BÌN|pop
751,Em là cô gái anh thương,Ngô Sỹ Ngọc,Nhạc trữ tình
752,Chuyện nắng mưa,Vinh Sử,Bolero
753,Để Cho Em Khóc,Lý Bông Dừa,Ca cổ
754,Rước Nàng,BÌN,BÌN|pop
755,Nàng Thơ,Ý Tiên,pop|Ý Tiên
756,Chiều hành quân,Lam Phương,Bolero|Lam Phuong
757,Anh Không Phải Lo,Hào JK,"Pop, Ballad"
758,Xin Má Rước Dâu,Lương Gia Hùng,Pop
759,Cứ Ngỡ,NB3 Hoài Bảo,Nhạc trẻ
760,Lặng Thầm,Dương Khắc Linh,"Pop, Ballad"
761,Em Đi Rồi,Lam Phuong,Nhạc Trữ Tình
762,Người Thứ Ba,H2K,H2K|Nhạc trẻ
763,Dalatmango,TaynguyenSound,TaynguyenSound|Nhạc trẻ
764,Gian Dối (Tuổi Mang Sầu),Đắc Chung,Bolero
765,Bé tập thể dục buổi sáng,Nguyễn Văn Chung,Nhạc thiếu nhi
766,Màu xanh kỷ niệm,Vinh Sử,
767,Kiếp phiêu bồng,Lam Phương,Bolero|Lam Phương
768,Cõi nhớ,Ngân Giang,Ngân Giang|Nhạc trữ tình
769,Vô Lượng,Masew,Masew|pop
770,Đêm giã từ,Vũ Tuấn,Bolero|Vũ Tuấn
771,Tình đẹp như mơ,Ngân Giang,Nhạc trữ tình|Ngân Giang
772,Tủi Duyên,Hoàng Oanh,Hoàng Oanh
773,Đoạn tái bút 2,Bằng Giang|Tú Nhi,Bằng Giang|Bolero|Tú Nhi
774,Tấm Lòng Son,H-Kray|Huỳnh Chương,H-Kray|Huỳnh Chương|pop
775,Chiều bên sông buồn,Vũ Tuấn,Vũ Tuấn|Bolero
776,Chiều hành quân,Lam Phương,Bolero|Lam Phương
777,Chôm chôm lý qua phà,Vinh Sử,
778,Nhắn rằng anh nhớ em,Đình Dũng,Đình Dũng|Ballad
779,Đau Ở Đây Này,Nal,Nhạc trẻ
780,Lỡ một cuộc tình số 4,Anh Bằng,Bolero
781,Tình yêu tuyệt vời,Anh Bằng,Bolero
782,Tiền Là Cát Bụi,Lý Bông Dừa,Ca cổ
783,Đêm buồn,Nguyễn Văn Đông,Trữ tình
784,Nợ tình,Giao Tiên,Bolero
785,"Có Một Người, Luôn Cười Khi Anh Đến",TaynguyenSound,TaynguyenSound|Nhạc trẻ
786,Tình đời 2,Lam Phương,Lam Phương|Bolero
787,Nước mắt quê hương,Anh Bằng,Bolero
788,Khổ đau phận người,Sr. Hiền Hòa,Sr. Hiền Hòa|Nhạc thánh ca
789,Hình bóng người yêu (Nàng yêu hoa tím/Nhớ người yêu xưa),Giao Tiên,
790,Lỡ mai anh chết,Anh Bằng,Bolero
791,Lạy trời con được bình yên,Lam Phương,Lam Phương|Bolero
792,Xin hãy quên tôi,Anh Bằng,Bolero
793,Sầu Hồng Gai,Nguyễn Cường Thịnh (Jombie),Pop
794,Dũng Khí,DGRADE,Nhạc trẻ
795,Xin Mưa Ngừng Rơi,Johnny Dũng,Nhạc trữ tình
796,Tình yêu như mũi tên,Anh Bằng,Bolero
797,Con Xin Phó Thác,Thế Thông,Nhạc thánh ca|Thế Thông
798,Nếu vắng anh,Anh Bằng,Bolero
799,Cô Gái M52,Lý Bông Dừa,Ca cổ
800,Khúc Tình Dối Gian,Vũ Xuân Hùng,Vũ Xuân Hùng|Nhạc ngoại|Lời Việt
801,Đời Mẹ Đời Con,BÌN,Pop
802,Lời Trần Tình,Sr. Hiền Hòa,Nhạc Thánh Ca
803,Chấp nhận,Anh Bằng,Bolero
804,Tình phai,Anh Bằng,Bolero
805,Dòng sông kỷ niệm,Trúc Hồ,"Bolero, ĐQ Asia"
806,Người Yêu Cũ Có Người Yêu Mới,Hamlet Trương,"Nhạc Trẻ,Nhạc Trữ Tình"
807,Người Em Từng Yêu,One Music,pop|One Music|Ballad
808,Bad Boy,Đỗ Hiếu,Nhạc trẻ
809,Thương lắm Làng Nủ ơi,Danh Mã Phi Hùng,Nhạc Trữ Tình
810,Khổ tâm,Vinh Sử,
811,Tình đẹp đến mấy cũng tàn,Như Việt,Như Việt|Ballad
812,Em chịu hông,Jin Tuấn Nam,Jin Tuấn Nam|pop
813,Hỏi Cưới Em,Hoàng Văn Minh,Nhạc Trừ Tình
814,Hồi Ức Ta Đã Yêu,One Music,Ballad|One Music|pop
815,Ừ thôi em nhé,Nguyễn Huy Điền,Nhạc trữ tình|Nguyễn Huy Điền
816,Phận buồn con gái,Vinh Sử,Bolero
817,Người Về,Giác An,Phật giáo|Giác An
818,Hai chị em,Anh Bằng,
819,Mẹ yêu con,Nguyễn Văn Tý,
820,Gửi Người Em Hà Tĩnh,Phạm Tôn Tẫn  - Đinh Hữu Tân,Nhạc Trữ tình quê hương
821,Mơ,Lam Phương,Lam Phương|Bolero
822,Bông Hồng Dâng Mẹ,Giác An,Phật giáo|Giác An
823,Tết Bình An,Hana Cẩm Tiên,pop|Ballad
824,Sao Ta Ngược Lối,Đông Thiên Đức,pop|Đông Thiên Đức|Ballad
825,Viết từ KBC,Anh Bằng,
826,Chợ Đêm Miền Tây,Trần Trịnh,Bolero
827,Vì Ai Vì Anh,Đỗ Hiếu,Nhạc trẻ
828,Chuyện tình đã qua,Khúc Lan,Nhạc ngoại lời Việt
829,Cưa Là Đổ,Sinike,Sinike|pop
830,Ánh Hào Quang,Mai Phin|Kha Tử Nhan (柯子颜),Pop
831,Đừng Gả Con Xa,Jin Tuấn Nam,Pop
832,Nếu một ngày,Khánh Băng,"Bolero, ĐQ Asia"
833,Ngàn năm vẫn đợi (Dakishimete),Khúc Lan,
834,Ngày Tết Quê Em,Lý Bông Dừa,Ca cổ
835,Yêu Đùa Yêu Giỡn,Tô Minh Hiệu,"Pop, Ballad"
836,Mây (Gió 2),Lắng|N2L,"Pop, Ballad"
837,Tháng Giêng,Nguyễn Ngọc Thịnh,Nhạc trữ tình
838,Nụ cười trong mắt ấy,Phan Ni Tấn,Nhạc trữ tình
839,Xin đừng có mùa đông,Trúc Giang,Nhạc trữ tình|Trúc Giang
840,Về miền tây,Minh Thùy,Ca cổ
841,Lấy Chồng Làm Chi Sớm,Jin Tuấn Nam,pop|Jin Tuấn Nam
842,Ba ngọn nến lung linh,Ngọc Lễ,Nhạc thiếu nhi
843,Hãy sống cho tuổi trẻ,Nhạc ngoại|Cao Tùng Anh,"Bolero, ĐQ Asia"
844,Thà giết người yêu,Vinh Sử,Bolero
845,Trót dại,Tuấn Hải,
846,Tương Tư Thành Họa,Trần Đăng Quang,Trần Đăng Quang
847,Tâm sự ngày cưới,Tuấn Hải,Bolero
848,Em Muốn Anh Đưa Em Về,Đỗ Hiếu,Nhạc trẻ
849,Khắc ghi tình Chúa,Sr. Hiền Hòa,Nhạc thánh ca|Sr. Hiền Hòa
850,Người yêu dấu,Khúc Lan,Nhạc ngoại lời Việt
851,Thay Lòng,Nal,Nhạc trẻ
852,Chuyện tình nơi làng quê,Giao Tiên,
853,Đom Đóm,Trịnh Trần Phương Tuấn (Jack),Trịnh Trần Phương Tuấn (Jack)|Nhạc trẻ
854,Tiễn một người đi,Đăng Minh,Ca cổ
855,Tình đã bay xa,Khúc Lan,
856,Sao không đến,Anh Bằng,Bolero
857,Người tình cô đơn,Anh Bằng,Bolero
858,Thêm Một Lần Đau,Đông Thiên Đức,Ballad|pop|Đông Thiên Đức
859,7 ngày đợi mong,Trần Thiện Thanh,Bolero|Trần Thiện Thanh
860,Nỗi buồn sa mạc,Tú Nhi|Tuấn Lê,Tuấn Lê|Tú Nhi|Bolero
861,Màu tím hoa sim,Duy Khánh|Hữu Loan,Bolero|Hữu Loan|Duy Khánh
862,Khúc ca ngày mùa,Lam Phương,Lam Phương|Bolero
863,Bài Này Không Để Đi Diễn,Bùi Công Nam,Nhạc trẻ
864,Đồn vắng chiều xuân,Trần Thiện Thanh,Bolero|Trần Thiện Thanh
865,Hướng dương,Nhật Hoàng,Nhạc trẻ|Nhật Hoàng
866,Thương Anh Tư Miệt Vườn,Hào JK,"Pop, Balld"
867,Ngỏ ý,Hoài Phương,Trữ tình
868,Ngưu lang chức nữ,Anh Bằng,
869,Vì yêu đó anh,Trúc Sinh|Lê Đức Long,Nhạc trữ tình|Trúc Sinh|Lê Đức Long
870,Tình Tan,Hoàng Văn Minh,Nhạc Trữ Tình
871,Ngày Xuân Tái Ngộ,Trịnh Lâm Ngân,Bolero
872,Duyên Tình,Thế Thông,Nhạc thánh ca|Thế Thông
873,Dù em vẫn biết,Nguyễn Huy Điền,Nguyễn Huy Điền|Nhạc trữ tình
874,Giấc mơ buồn,Lê Quang,Nhạc trữ tình|Lê Quang|Hoàng Tuấn
875,Định mệnh,Giao Tiên,Bolero
876,Lạc Chốn Hồng Trần,Lã Phong Lâm,Lã Phong Lâm
877,Mojito,Trần Thủy Ngọc Hân,Nhạc hoa lời Việt
878,Biển cạn,Ngô Hồng Khanh,Ca cổ
879,Em Đẹp Như Mơ,Vũ Xuân Hùng,Vũ Xuân Hùng|Nhạc ngoại|Lời Việt
880,Luyến tiếc,Hoàng Văn Minh,Nhạc Trữ Tình
881,Gọi Cho Anh,Đông Thiên Đức,Ballad|pop|Đông Thiên Đức
882,Nghẹn ngào,Lam Phương,Bolero|Lam Phương
883,Thương hận,Tú Nhi|Hồ Đình Phương,Bolero|Tú Nhi|Hồ Đình Phương
884,Trúc đào,Anh Bằng,Bolero
885,Định mệnh,Giao Tiên,
886,Tình Cha,Giác An,Phật giáo|Giác An
887,Người chết trở về,Trần Thiện Thanh,Bolero|Trần Thiện Thanh
888,Có Những Nỗi Đau,Đông Thiên Đức,Đông Thiên Đức|pop|Ballad
889,Còn nhớ không em,Vinh Sử,
890,Chẳng Sao Cả,Đông Thiên Đức,"Pop, Ballad"
891,Chờ Thêm Một Đời,Dương Khắc Linh,"Pop, Ballad"
892,Tình buồn đêm mưa,Khúc Lan,Nhạc ngoại lời Việt
893,You Are My Crush,Nguyên Jenda,pop|Nguyên Jenda
894,Ơn Cha Tình Mẹ,Ngô Huỳnh,Ngô Huỳnh|Bolero
895,Đoản khúc cuối cho em,Hoàng Trọng Thủy,Nhạc trữ tình|Hoàng Trọng Thủy
896,Yêu Là Cưới,Sinike,pop
897,Bao giờ quên em,Trần Minh Phi,Trần Minh Phi|Nhạc trữ tình|Hoàng Tuấn
898,Thương Nhau Tới Bến,Nal,Nhạc trẻ
899,Thế Giới Trong Em,Sinike,pop
900,Ai Rồi Cũng Khác,Hamlet Trương,"Nhạc Trẻ,Nhạc Trữ Tình"
901,Trần gian tội lỗi,Trần Thiện Thanh,Trần Thiện Thanh|Bolero
902,Đường Tôi Đi Tới,Vĩnh Phúc,Nhạc tình ca
903,Hai trái tim vàng,Trịnh Lâm Ngân,Bolero
904,Người ở lại Charlie,Trần Thiện Thanh,Trần Thiện Thanh|Bolero
905,Lỗi hẹn cùng ca dao,Vinh Sử,
906,Đêm tiễn biệt,Tô Thanh Sơn,
907,Ly rượu mừng,Vinh Sử,Bolero
908,Cô Thắm về làng,Giao Tiên,
909,11 giờ 11 phút,RIN9,Rin9|pop
910,Ái Nộ,Masew|Khoi Vu,Great Entertainment
911,Túy ca,Chây Kỳ|Trương Minh Dũng,"Bolero, ĐQ Asia"
912,Thầy đã đến,Danh Mã Phi Hùng,Nhạc Phật
913,Tương tư,Đỗ Kim Bảng,Nhạc vàng
914,Xin tiến dâng về Mẹ,Sr. Hiền Hòa,Sr. Hiền Hòa|Nhạc thánh ca
915,Dễ Đến Dễ Đi,Quang Hùng MasterD,Quang Hùng MasterD|Ballad|Rap
916,Thì Thôi,Nal,Nhạc trẻ
917,Thanh Âm Từ Bi,Dee Trần,Nhạc trẻ
918,Biết đến bao giờ (Đời là vạn ngày sầu),Lam Phương,
919,Tình đã vụt bay,Vũ Tuấn Đức,Vũ Tuấn Đức|Nhạc trữ tình
920,Tình Yêu Cao Thượng,Hamlet Trương,"Nhạc Trẻ,Nhạc Trữ Tình"
921,Hãy Xem Như Ta Chưa Từng,Đỗ Hiếu,Nhạc trẻ
922,Người thợ săn và đàn chim nhỏ,Anh Bằng,Bolero
923,Tình đẹp xót xa,Anh Bằng,Bolero
924,Chuyện tình hoa trắng,Anh Bằng,Bolero
925,Trăm năm bến cũ,Duy Khánh,Duy Khánh|Bolero
926,Dìa Miền Tây,Tamke,Nhạc trẻ|Tamke
927,Ai Sẽ Là Em,Vũ Xuân Hùng,Vũ Xuân Hùng|Lời Việt|Nhạc ngoại
928,Thức Dậy Đi,Nal,Nhạc trẻ
929,Sợ Lắm 2,NB3 Hoài Bảo,Nhạc trẻ
930,Bỏ Ngài con biết theo ai ?,Sr. Hiền Hòa,Sr. Hiền Hòa|Nhạc thánh ca
931,Đời nghèo,Viên Nghiệp,Bolero|Viên Nghiệp
932,Thương thầy khổ hạnh,Danh Mã Phi Hùng,Nhạc Phật
933,Nụ cười chua cay (Một lần hiện diện),Tú Nhi|Song An,Song An|Bolero|Tú Nhi
934,Tình yêu và trái đắng,Sỹ Đan,Sỹ Đan|Nhạc trữ tình
935,Đà Lạt xa nhau,Anh Bằng,Bolero
936,Bài hát này cho em,Anh Bằng,Bolero
937,Chưa Bao Giờ Em Quên,Sinike,Sinike|pop
938,Sớm Mai,H2K,Nhạc trẻ|H2K
939,Chính Chúa Chọn Con,Nguyên Minh,Thánh ca
940,Đau Bởi Vì Ai,Đông Thiên Đức,Đông Thiên Đức|Ballad|pop
941,Đêm không ngủ,Anh Bằng,
942,Tình anh lính chiến,Lam Phương,Lam Phương|Bolero
943,Khoảng Cách,Đỗ Hiếu,Nhạc trẻ
944,Em Là Quá Khứ Không Thể Quên,Thiên Tú,Ballad|Thiên Tú
945,Chuyện Phim Buồn,Vũ Xuân Hùng,Nhạc ngoại|Vũ Xuân Hùng|Lời Việt
946,Bài ca năm tấn,Nguyễn Văn Tý,Nhạc trữ tình
947,Nhớ Về Một Mùa Xuân,Trần Trịnh,
948,Nỗi lòng người đi ( Tôi xa Hà Nội),Anh Bằng,
949,Đừng gọi anh bằng chú,Đăng Minh,Ca cổ
950,Bài ca tuổi trẻ,Anh Bằng,Bolero
951,Con gái nhỏ của ba,Nguyễn Văn Chung,Nhạc thiếu nhi
952,Lỡ Yêu Người Đậm Sâu,Zuong Zero,Pop
953,Trò chơi tình ái,Dee Trần,Nhạc trẻ
954,Riêng Một Góc Trời,Ngô Thụy Miên,"Bolero, ĐQ Asia"
955,Anh cứ hẹn,Anh Bằng,Bolero
956,Về miền đá tìm em,Ngô Sỹ Ngọc,Nhạc trữ tình
957,Muốn Cưa Hay Được Cưa,Jin Tuấn Nam,Jin Tuấn Nam|pop
958,Điều gì đó,Trúc Hồ,Trúc Hồ|Nhạc trữ tình
959,Tình phụ,Vũ Phương,Bolero|Vũ Phương
960,Về Bên Mẹ,Thế Thông,Thế Thông|Nhạc thánh ca
961,Người Dưng Bên Gối,Dee Trần,Nhạc trẻ
962,Đâu Còn Đây,Nal,Nhạc trẻ
963,Tự Giác Đi,Bùi Công Nam,Nhạc trẻ
964,Lời Nói Điêu Trên Môi Em,Đỗ Nguyên Phúc,Đỗ Nguyên Phúc|Ballad|Rap
965,Xin Dìu Nhau Đến Tình Yêu,Đỗ Kim Bảng,Nhạc vàng
966,Cám Ơn Kẻ Thứ Ba,Lâm Triệu Minh,Lâm Triệu Minh
967,Hoa học trò,Anh Bằng,Bolero
968,Chuyện tình mộng thường,Trần Thiện Thanh,Bolero
969,Em vẫn chờ anh,Giao Tiên,Bolero
970,Thế gian tình,Kiyoshi Phan,Pop
971,Giết Người Yêu Dấu,Vũ Xuân Hùng,Nhạc ngoại|Vũ Xuân Hùng|Lời Việt
972,Một Đời Là Sen Ngát,Hà Tùng Long,Dân ca Quan họ
973,Chắc Do Em Sai,TVk,TVk|pop
974,Đau Lòng,Huỳnh Chương,pop
975,Đàn Ông Chẳng Yêu Ai Thật Lòng,Lâm Triệu Minh,Lâm Triệu Minh
976,Đêm giao thừa nghe một khúc dân ca,Đăng Minh,Ca cổ
977,Một Tình Yêu,Thế Thông,Nhạc thánh ca|Thế Thông
978,Tình Mộng Mơ,Johnny Dũng,Nhạc trữ tình
979,Bóng nhỏ giáo đường,Phượng Linh,Trữ tình
980,Dù Anh Tay Trắng,Lý Bông Dừa,Ca cổ
981,Hãy Yêu Như Chưa Từng Được Yêu,Hamlet Trương,"Nhạc Trẻ,Nhạc Trữ Tình"
982,Giờ em tính sao,Trường Lê,pop|Trường Lê
983,Lầm,Lam Phương,Lam Phương|Bolero
984,Bất cần đời,Viên Nghiệp,Bolero|Viên Nghiệp
985,Ngồi Buồn Nhớ Mẹ,Hamlet Trương,"Nhạc Trẻ,Nhạc Trữ Tình"
986,Về Cùng Em Nha,Hào JK,"Pop, Ballad"
987,Tình em trao anh (Tình anh trao em),Khúc Lan,Nhạc ngoại lời Việt
988,Ngôi Sao Cô Đơn,Trịnh Trần Phương Tuấn (Jack),Trịnh Trần Phương Tuấn (Jack)|Nhạc trẻ
989,Xin làm chim rừng núi,Trịnh Lâm Ngân,
990,Khách Sang Đò,Đông Thiên Đức,Đông Thiên Đức|pop|Ballad
991,Nguyện cầu cho người,Lam Phương,Bolero|Lam Phương
992,Mừng Phật Thích Ca Chào Đời,Thích Nhật Từ,Nhạc phật giáo
993,Chuyện tình mộng thường,Trần Thiện Thanh,Trần Thiện Thanh|Bolero
994,Men tình nồng,Trúc Sinh|Lê Đức Long,Lê Đức Long|Nhạc trữ tình|Trúc Sinh
995,Thư xuân trên rừng cao,Trịnh Lâm Ngân,
996,Đừng Lụy Đồng Tiền,Nhuận Hải|Giác An,Nhạc thánh ca|Nhuận Hải|Giác An
997,Bông lục bình,Hà Phương,
998,Lễ Dâng,Thế Thông,Thế Thông|Nhạc thánh ca
999,Ơi Anh Gì Ơi,Hana Cẩm Tiên,pop|Ballad|Hana Cẩm Tiên
1000,Tình Muộn,Trần Trịnh,Bolero
1001,Tình người ngoại đạo,Phượng Linh,Trữ tình
1002,Thương Quá Xá,Quách Duy Thái (Hoon),Pop
1003,Chẳng Sao Cả,Đông Thiên Đức,"Pop,Ballad"
1004,Mình ơi em chắng cho về,Anh Bằng,Bolero
1005,Khâu Vai Chợ Tình,Lục Hòa|Đinh Trọng Hòa,Dân ca trữ tình quê hương
1006,Dã Quỳ,Đạt Long Vinh,Nhạc trẻ
1007,Tình Ngang Trái,Mỹ Nhung,Pops
1008,Nhành cây trứng cá,Vinh Sử,
1009,Rừng thu,Khúc Lan,Nhạc ngoại lời Việt
1010,Thuyền tình trên sóng,Khúc Lan,Nhạc ngoại lời Việt
1011,Má Em Dặn Anh (Giờ Không Cưới Thì Nào Cưới 2),Hồng Quân WyTy,Pop
1012,Một lần nữa thôi,Trúc Hồ,Nhạc trữ tình|Trúc Hồ
1013,Nhớ một chiều xuân,Nguyễn Văn Đông,Trữ tình
1014,Em vẫn hoài yêu anh,Trịnh Lâm Ngân,Bolero
1015,Hey Mambo,Đông Thiên Đức,pop|Đông Thiên Đức|Ballad
1016,Anh thương em còn non dại,Đình Dũng,Ballad|Đình Dũng
1017,Xin Đừng Lặng Im,Dương Khắc Linh,"Pop, Ballad"
1018,Từ khi vắng anh,Anh Bằng,Bolero
1019,Cưới Em Về Anh Còn Yêu Em Không?,Bùi Công Nam,Nhạc trẻ
1020,Nửa đêm khấn hứa,Tuấn Hải,
1021,Búp Bê Không Tình Yêu,Vũ Xuân Hùng,Nhạc ngoại|Vũ Xuân Hùng|Lời Việt
1022,Mùa đông thương nhớ,Hùng Linh,
1023,Nhớ Mẹ (hợp xướng),Thế Thông,Thế Thông|Nhạc thánh ca
1024,Sao muốn…? (Giết người anh yêu),Vinh Sử,
1025,Em Về Làm Dâu,Lương Gia Hùng,Pop
1026,Em là nhất miền Tây 2,Jin Tuấn Nam,Jin Tuấn Nam|pop
1027,100 Years Love,Nam Đức,Nam Duc|Nhạc trẻ
1028,Khóc cho người ai khóc cho em,TVk,TVk|Ballad|pop
1029,Tiếng ca u hoài,Anh Bằng,Bolero
1030,Trao nhau nhẫn cưới,Phạm Minh Cảnh,Bolero
1031,Có Trăng Quên Đèn,H-Kray|Huỳnh Chương,Huỳnh Chương|pop|H-Kray
1032,Cạn chén tình sầu,Long Sơn,Bolero|Long Sơn
1033,Yêu người chung vách,Vinh Sử,
1034,Câu Chuyện Đời Tôi,Vĩnh Phúc,Nhạc thánh ca
1035,Chẳng Ai Yêu Mãi Một Người,NB3 Hoài Bảo,Nhạc trẻ
1036,Khóc mẹ,Lam Phương,Lam Phương|Bolero
1037,Qua Những Tiếng Ve,TaynguyenSound,Nhạc trẻ|TaynguyenSound
1038,Anh Chỉ muốn,H2K,H2K|pop
1039,Thôi thế thì chia tay,Trúc Hồ,Trúc Hồ|Nhạc trữ tình
1040,Cáo Trạng Duyên Trần,Hoàng Oanh,"Pop, Ballad"
1041,Chào năm học mới Trung học Phổ thông Lê Lợi,Ngô Sỹ Ngọc,Nhạc trữ tình
1042,Tôi Không Cô Đơn,Lý Bông Dừa,Ca cổ
1043,Về quê cũ,Nguyễn Ngọc Thiện,Nhạc trữ tình|Nguyễn Ngọc Thiện|Hoàng Tuấn
1044,Bây giờ còn nhớ hay không,Anh Bằng,Bolero
1045,Không Thấy Ngày Về,Lã Phong Lâm,Lã Phong Lâm
1046,Quán gấm đầu làng,Giao Tiên,
1047,Một đời tan vỡ,Lam Phương,Bolero|Lam Phương
1048,Hoa học trò,Anh Bằng,
1049,Khi tình yêu tạ từ,Khúc Lan,Nhạc ngoại lời Việt
1050,Hàn Ni (Mùa thu lá bay 2),Anh Bằng,
1051,Cưa Là Đổ,Sinike,pop
1052,Cho Anh Xin Lỗi Được Không,Đông Thiên Đức,pop|Ballad|Đông Thiên Đức
1053,Mùa Tình Yêu,Vũ Xuân Hùng,Nhạc ngoại|Vũ Xuân Hùng|Lời Việt
1054,Chuyện tình thời chinh chiến,Lam Phương,Lam Phương|Bolero
1055,Chuyện tình tan vỡ,Khúc Lan,Bolero
1056,Bạch Nguyệt Quang Và Nốt Chu Sa,DGRADE,Nhạc trẻ
1057,Lời Yêu Cuối,Ngô Huỳnh,Ngô Huỳnh|Bolero
1058,Cưới đi mình ơi,Jin Tuấn Nam,pop|Jin Tuấn Nam
1059,Cô nữ sinh Gia Long,Phượng Linh,Trữ tình
1060,Chuyện giàn thiên lý 2,Anh Bằng,Bolero
1061,Xin Đừng Nhấc Máy,B Ray|Trang Yue,Great Entertainment|Hiphop Việt|Rap
1062,Mong em về,Đức Minh|Vũ Tuấn Đức,Nhạc trữ tình|Vũ Đức Tuấn|Đức Minh
1063,Thôi Em Đừng Khóc,Hồ Minh Tài,Dân ca
1064,Vòng tay người ấy,Khúc Lan,Nhạc ngoại lời Việt
1065,Bằng lòng đi em,Vinh Sử,
1066,Em và hoa,Cây,Cây|pop
1067,Một Đời Theo Chúa,Thế Thông,Nhạc thánh ca|Thế Thông
1068,Ngất Ngây,H2K,H2K|Nhạc trẻ
1069,Vũ Trụ Trọng Anh,Hoàng Lan,Nhạc Pop|Ballad|Hoàng Lan
1070,Người tình và mùa thu,Trịnh Lâm Ngân,Bolero
1071,Chỉ còn là kỷ niệm,Lam Phương,Lam Phương|Bolero
1072,Tình Quê,Đỗ Kim Bảng,Nhạc vàng
1073,Kỳ diệu,Anh Bằng,Bolero
1074,Hoang vu,Ngọc Sơn,Ngọc Sơn|Bolero
1075,Sợ ta mất nhau,Lê Công Nguyên Khải,Ballad|Lê Công Nguyên Khải
1076,Bước Qua Tuổi Đau Lòng,Đông Thiên Đức,"Pop, Ballad"
1077,Chia Tay Là Giải Pháp,Sinike,pop
1078,Vĩnh biệt người tình,Lam Phương,Lam Phương|Bolero
1079,Lỡ chuyến đò ngang,Vũ Phương,Vũ Phương|Bolero
1080,Trả nhẫn kim cương,Vinh Sử,
1081,Chiều thu ấy,Lam Phương,Lam Phương|Bolero
1082,Một phút suy tư,Lam Phương,Bolero|Lam Phương
1083,Ngày em thay lòng,Lã Phong Lâm,pop|Lã Phong Lâm
1084,Tìm em trong kỷ niệm,Minh Thùy,Ca cổ
1085,Tết Này Con Sẽ Về,Bùi Công Nam,Nhạc trẻ
1086,Cho anh say,Thiện Ngôn,Thiện Ngôn|Ballad
1087,Đường sang nhà em,Giao Tiên,
1088,Nụ Hôn Dưới Mưa,Vũ Xuân Hùng,Vũ Xuân Hùng|Lời Việt|Nhạc ngoại
1089,Cứ ngỡ tình trăm năm,Nguyễn Huy Điền,Nguyễn Huy Điền|Nhạc trữ tình
1090,Chuyện tình hoa Pensée,Phượng Linh,Trữ tình
1091,Take My Hear Away,Nguyễn Quốc Cường,Nhạc trẻ
1092,Chiếc Hài Lọ Lem,Hamlet Trương,"Nhạc Trẻ,Nhạc Trữ Tình"
1093,Về mái nhà xưa,Nguyễn Văn Đông,Trữ tình
1094,Một Thuở Thanh Bình,TaynguyenSound,Nhạc trẻ|TaynguyenSound
1095,Đừng Trách Em Tội Nghiệp,Giao Tiên,Nhạc trữ tình
1096,100 phần trăm,Tuấn Hải|Ngọc Sơn,Bolero
1097,Na na na,Trung Quân,Trung Quân|Hoàng Tuấn|Nhạc trữ tình
1098,Thương quá cha tôi,Vinh Sử,Bolero
1099,Dù nắng có mong manh,Anh Bằng,Bolero
1100,Sài Gòn kỷ niệm,Anh Bằng,Bolero
1101,Lạc Nhau,One Music,pop|Ballad|One Music
1102,Lan Và Điệp 5,Hamlet Trương,Nhạc Trữ Tình
1103,Mạch nguồn xứ Nghệ,Phan Phúc Thao,Nhạc trữ tình
1104,Mùa xuân trong thư em (Mùa xuân trông thư em),Viễn Chinh|Tú Nhi,Viễn Chinh|Tú Nhi|Bolero
1105,Lời Thề Anh Em Tôi,Nguyễn Quốc Cường|Nhạc Hoa,Nhạc trẻ
1106,Tâm sự của em,Anh Bằng,Bolero
1107,Thương một người ở xa,Hoàng Phương,Bolero
1108,Chuyện vườn sầu riêng,Vinh Sử,
1109,Em Sẽ Quên Anh,Nal,Nhạc trẻ
1110,Vì Chính Là Em,Đỗ Hiếu|Phúc Bồ|Rick,Nhạc trẻ
1111,Ai nói yêu em đêm nay,Trần Thiện Thanh,Trần Thiện Thanh|Bolero
1112,Em tập lái ô tô,Nguyễn Văn Tý,
1113,Trái tim,Vinh Sử,Bolero
1114,Phi Điểu Và Ve Sầu,DGRADE,Nhạc trẻ
1115,Tình xuân,Lê Đức Long,Lê Đức Long|Nhạc trữ tình
1116,Bao đêm không ngủ,Vinh Sử,Bolero
1117,Khu vui chơi thiếu nhi,Nguyễn Văn Chung,Nhạc thiếu nhi
1118,Không phải em,Phong Lê,Phong Lê|Nhạc trẻ
1119,Vì Là Sai Lối,Anh Thi,Nhạc Trẻ
1120,Ngày hạnh phúc,Lam Phương,Bolero|Lam Phương
1121,Là 1 Thằng Con Trai,Trịnh Trần Phương Tuấn (Jack),Trịnh Trần Phương Tuấn (Jack)|Nhạc trẻ
1122,Nam mô quan thế âm bồ tát,Vinh Sử,Bolero
1123,Anh Không Theo Đuổi Em Nữa,Bùi Công Nam,Nhạc trẻ
1124,Mười tám nét kiêu sa,Vinh Sử,Bolero
1125,Nợ Mẹ Cha,Hoàng Văn Minh,Nhạc trữ tình
1126,Trách người trong mộng (Phản bội),Vinh Sử,Bolero
1127,Màu xanh Noel,Hoài Phương,Trữ tình
1128,Liễu khúc tương tư,Võ Hoài Phúc,Hoàng Tuấn|Nhạc trữ tình|Võ Hoài Phúc
1129,Anh Chỉ Yêu Bản Thân Mình,Lâm Triệu Minh,Lâm Triệu Minh
1130,Hãy trả lời em,Trần Thiện Thanh,Trần Thiện Thanh|Bolero
1131,Nhất Thân,Khôi Vũ,pop|Great Entertainment
1132,Thuyền giấy chiều mưa,Hoàng Phương,Bolero
1133,Hẹn Em Kiếp Sau,TiB,Ballad|TiB|Rap
1134,Em đi rồi,Giao Tiên,
1135,Hai Phương Trời Cách Biệt,Vĩnh Phúc,Nhạc tình ca
1136,Nỗi Nhớ Phương Xa,Đông Thiên Đức,Ballad|pop|Đông Thiên Đức
1137,Ngài Vẫn Thứ Tha,Phạm Tôn Tẫn,Nhạc Thánh Ca
1138,Từ lúc anh đi,Anh Bằng,Bolero
1139,Tìm Về Đường Sáng,Giác An,Phật giáo|Giác An
1140,Thân phận mồ côi,Anh Bằng,Bolero
1141,Tôi Biết,Thế Thông,Thế Thông|Nhạc thánh ca
1142,Con đường hạnh phúc,Ngân Giang,Nhạc trữ tình|Ngân Giang
1143,Khúc hát ru của người mẹ lính,An Thuyên,Nhạc cách mạng
1144,Tình thiên thu,Lam Phương,Bolero|Lam Phương
1145,Hát cho mai sau,Trịnh Lâm Ngân,Bolero
1146,Tango tím,Anh Bằng,Bolero
1147,Năm Qua Đã Làm Gì,Bùi Công Nam,Nhạc trẻ
1148,Quên cả lối về,Trúc Giang,Trúc Giang|Nhạc trữ tình
1149,Phiên gác đêm xuân,Vì Dân - Nguyễn Văn Đông,Trữ tình
1150,Lỡ bước sang ngang,Anh Bằng,Bolero
1151,Nói với tôi một lời,Diệu Hương,"Bolero, ĐQ Asia"
1152,Thuyền không bến đỗ,Lam Phương,Bolero|Lam Phương
1153,Tình yêu,Trúc Hồ,Trúc Hồ|Nhạc trữ tình
1154,Chuyện một đêm,Anh Bằng,
1155,Ngôi Nhà Và Đống Rơm,Nal,Nhạc trẻ
1156,Yêu người như thế đó,Trần Thiện Thanh|Phạm Lê Phan,Trần Thiện Thanh|Phạm Lê Phan|Bolero
1157,Bao giờ ta gặp lại ta,Trịnh Lâm Ngân,Bolero
1158,Ai Vùi Nỗi Đau Dưới Cát,Đông Thiên Đức,"Pop, Ballad"
1159,Có Trăng Quên Đèn,Quách Duy Thái (Hoon)|Nguyễn Văn Dĩ Khang (Anh Rồng),Pop
1160,Tiếc thương,Anh Tài,Bolero
1161,Xin Hãy Thứ Tha,Dương Khắc Linh,"Pop, Ballad"
1162,Bé Chúc Ngủ Ngon,Đông Phương Tường,Nhạc thiếu nhi
1163,Yêu thầm,Anh Bằng,Bolero
1164,Tiền Trước Tình Sau,Lý Bông Dừa,Ca cổ
1165,Mẹ Là Bến Đợi,Thế Thông,Nhạc thánh ca|Thế Thông
1166,Hóa Tương Tư,Nguyễn Văn Dĩ Khang (Anh Rồng),Pop
1167,Nàng áo tím,Anh Bằng,Bolero
1168,Hết Nhạc Con Về,RZ Mas,RZ Mas|Nhạc trẻ
1169,Đi cùng em,Lemon Climb,Lemon Climb|Ballad
1170,"Mơ về em (Anh mơ về em, mơ về anh)",Khúc Lan,Nhạc ngoại lời Việt
1171,Cổ Điển - Classic Love,TaynguyenSound,Nhạc trẻ|TaynguyenSound
1172,Sân Khấu Buồn,Vũ Xuân Hùng,Vũ Xuân Hùng|Lời Việt|Nhạc ngoại
1173,Dư âm mùa giáng sinh,Ngân Giang,Nhạc trữ tình|Ngân Giang
1174,Rồi Nâng Cái Ly,Nal,Nhạc trẻ
1175,Bông súng trắng,Ngô Hồng Khanh,Ca cổ
1176,Có Phải Đã Quá Muộn Màng,Nguyễn Hoài Anh,Pop
1177,Đêm quan họ,Ngô Hồng Khanh,Ca cổ
1178,Thời Không Sai Lệch,DGRADE,Nhạc trẻ
1179,Giọt lệ tình,Lam Phương,Bolero|Lam Phương
1180,Kiếp Phiêu Bồng 2,Johnny Dũng,Nhạc trữ tình
1181,Vì Chính Là Anh,Dee Trần,Nhạc Hoa Lời Việt
1182,Xin Em Về,Nguyễn Cường Thịnh (Jombie),Pop
1183,Lựa chọn của anh,Khánh Cường,Khánh Cường|Ballad
1184,Bướm trắng,Anh Bằng,
1185,Ô Kìa Tết Đến,BÌN,pop|BÌN
1186,Xa Mãi,Jin Tuấn Nam,Jin Tuấn Nam|Pop
1187,Xứ Nghệ Ơi,Ngô Sỹ Ngọc,Nhạc trữ tình
1188,Lý chim xanh,Vinh Sử,
1189,Bảy Nổi Ba Chìm,NB3 Hoài Bảo,Nhạc trẻ
1190,Màu má tóc mây (xuân 2023 version),H2K|Quốc Lượng,Athena Music
1191,Giải Thoát Cho Nhau,Đông Thiên Đức,Ballad|Đông Thiên Đức|pop
1192,Người tình La Lan,Vinh Sử,
1193,Đêm Buồn,Vĩnh Phúc,Nhạc thánh ca
1194,Trách Ai Bây Giờ,Đỗ Hiếu,Nhạc trẻ
1195,Miền Tây Mãi Đỉnh,Kaydee,Pop
1196,Phép nhiệm màu,Trần Thiện Thanh,Trần Thiện Thanh|Bolero
1197,Y Chang Xuân Sang,Nal,Nhạc trẻ
1198,Vô Thường,Lã Phong Lâm,Pop
1199,Nhớ về mẹ,Nguyễn Huy Điền,Nhạc trữ tình|Nguyễn Huy Điền
1200,Tóc ngang bờ vai,Vũ Tuấn Đức,Vũ Tuấn Đức|Nhạc trữ tình
1201,Hồi chuông kỉ niệm,Nguyễn Văn Đông,Trữ tình
1202,Kẻ Cắp Trái Tim,Đỗ Hiếu,Nhạc trẻ
1203,Tuừ độ ánh trăng tàn,Anh Bằng,Bolero
1204,Tình là giấc mơ,Khúc Lan,Nhạc ngoại lời Việt
1205,Chiều trên phá Tam Giang,Trần Thiện Thanh|Tô Thùy Yên,Tô Thùy Yên|Bolero|Trần Thiện Thanh
1206,Bông cỏ may,Trúc Phương,"Bolero, ĐQ Asia"
1207,Yêu một người,Khúc Lan,Nhạc ngoại lời Việt
1208,Đi Qua Hoa Cúc,TaynguyenSound,TaynguyenSound|Nhạc trẻ
1209,Điệu ru ca tình yêu,Giao Tiên|Hương Vũ,Nhạc trữ tình
1210,Bất Ngờ Em Buông Tay,Anh Thi,Nhạc Trẻ
1211,Chuyện tình mùa thu,Anh Bằng,Bolero
1212,Gánh tương tư,Ngọc Sơn,Ngọc Sơn|Bolero
1213,Thương Em Gái Miền Tây,Jin Tuấn Nam,Pop
1214,Ra giêng anh cưới em,Đăng Minh,Ca cổ
1215,Thương lắm miền Trung ơi,Sr. Hiền Hòa,Sr. Hiền Hòa|Nhạc thánh ca
1216,Đôi ngả đôi ta,Trần Thiện Thanh,Bolero|Trần Thiện Thanh
1217,Thương Nhau Ngày Mưa,Nguyễn Trung Cang,"Bolero, ĐQ Asia"
1218,Anh Buông Tay Rồi Em Đi Đi,Đông Thiên Đức,Đông Thiên Đức|pop|Ballad
1219,Vương vấn,Minh Thùy,Ca cổ
1220,Rất Huế,Anh Bằng,Bolero
1221,Đi Sai Nước Cờ,Nguyễn Văn Trung,Pop
1222,Nói Cho Anh Biết Đi Em,Đông Thiên Đức,Đông Thiên Đức|pop|Ballad
1223,Dẫu Anh Không Nhìn Thấy,Đông Thiên Đức,Ballad|pop|Đông Thiên Đức
1224,Trắc Trở,Sinike,pop
1225,Ra Giêng Ta Cưới Thôi,Hào JK,"Pop, Ballad"
1226,Ái Nộ,Masew,Masew|pop
1227,Trái tim yêu,Lê Hựu Hà,Nhạc trữ tình|Lê Hựu Hà|Hoàng Tuấn
1228,Lý qua phà,Vinh Sử,Bolero
1229,Khóc mẹ đêm mưa,Anh Bằng,
1230,Cuộc sống xa nhà,Trung Ngon,Ballad|Trung Ngon
1231,Ba Ơi Đừng Xa Mẹ,Hamlet Trương,"Nhạc Trẻ,Nhạc Trữ Tình"
1232,Tình yêu như mũi tên,Anh Bằng,Bolero
1233,Vùng trời ngày đó,Lam Phương,Lam Phương|Bolero
1234,Chú vịt bầu,Dami,Dami|Nhạc thiếu nhi
1235,Cảm Tạ Hồng Ân,Thế Thông,Thế Thông|Nhạc thánh ca
1236,Mù say say Thẩm mã Đèo,Ngô Sỹ Ngọc,Nhạc trữ tình
1237,Tình Yêu Cao Thượng 2,Hamlet Trương,"Nhạc Trẻ,Nhạc Trữ Tình"
1238,Tâm sự mộng cầm,Trần Thiện Thanh,Trần Thiện Thanh|Bolero
1239,Khúc Hát Thanh Xuân,Thế Thông,Nhạc thánh ca|Thế Thông
1240,Ngày tạm biệt,Lam Phương,Lam Phương|Bolero
1241,Nhớ Mẹ,Giác An,Phật giáo|Giác An
1242,Câu hát giữa hai đầu thương nhớ,Nguyễn Ngọc Thịnh,Nhạc trữ tình
1243,Đôi khi,Anh Bằng,Bolero
1244,Bà ơi,Nguyễn Văn Chung,Nhạc thiếu nhi
1245,Lá thư miền Trung,Lam Phương,Bolero|Lam Phương
1246,Bé đón tết sang,Nguyễn Văn Chung,
1247,Một căn nhà mướn,Vinh Sử,Bolero
1248,Đơn côi,Lam Phương,Bolero|Lam Phương
1249,Cho Những Gì Ta Yêu,TaynguyenSound,Nhạc trẻ|TaynguyenSound
1250,Đám Cưới,Trường Lê,Pop
1251,Ngôi nhà bánh kẹo,Nguyễn Văn Chung,Nhạc thiếu nhi
1252,Bên Ấy Bên Này,Hamlet Trương,Bolero
1253,Người anh giới tuyến,Duy Khánh,Bolero|Duy Khánh
1254,Hoàn Hảo,B Ray,Great Entertainment|Rap Việt
1255,Chân trời tím,Trần Thiện Thanh|Nguyễn Văn Hạnh,Bolero|Trần Thiện Thanh|Nguyễn Văn Hạnh
1256,Phượng yêu (Mùa hè ái ân),Khúc Lan,Nhạc Ngoại lời việt
1257,Chiều mưa qua sông,Hà Phương,
1258,Cuốn theo chiều gió,Nguyễn Văn Đông,Trữ tình
1259,Mưa tình cuối đông,Trúc Hồ,Nhạc trữ tình|Trúc Hồ
1260,Muôn Kiếp Nhân Sinh,Dee Trần,Nhạc Trẻ
1261,Hai lần dang dở,Vũ Phương,Vũ Phương|Bolero
1262,Sầu tím thiệp hồng,Minh Kỳ|Hoài Linh,"Bolero, ĐQ Asia"
1263,Tình muộn,Trần Thiện Thanh,Bolero|Trần Thiện Thanh
1264,Một mình trong chiều vắng,Khúc Lan,Nhạc ngoại lời Việt
1265,Đợi người,Ngân Giang,Ngân Giang|Nhạc trữ tình
1266,Gặp nhau trên phố,Trịnh Lâm Ngân,Bolero
1267,Không Thích Thì Đi,Đông Thiên Đức,pop|Đông Thiên Đức|Ballad
1268,Những Ô Cửa Màu,TaynguyenSound,TaynguyenSound|Nhạc trẻ
1269,Phiến đá sầu,Diệu Hương,"Bolero, ĐQ Asia"
1270,Lần đầu nói dối,Giao Tiên,Bolero
1271,Quảng Bình yêu thương,Ngô Sỹ Ngọc,Nhạc trữ tình
1272,Giữ đạo làm con,Trường Sang,Nhạc trữ tình
1273,Tự Dưng,Lộn Xộn Band,Lộn Xộn Band|Nhạc trẻ
1274,Tình ca mùa xuân,Giao Tiên,Bolero
1275,Ra Bờ Sông,Hamlet Trương,"Nhạc Trẻ,Nhạc Trữ Tình"
1276,Nguyện Làm Gió Theo Mây,Việt Quất,Pop
1277,Kiếp hoa,Giao Tiên,Bolero
1278,Ân tình cũ,Anh Bằng,Bolero
1279,Chuyện tình Lan và Điệp 2,Anh Bằng,
1280,Gặp bạn,Vinh Sử,Bolero
1281,Bến tương tư,Giao Tiên,Bolero
1282,Vũ Trụ Trong Anh,Sinike,Sinike|pop
1283,Vĩnh biệt,Lam Phương,Lam Phương|Bolero
1284,Môi tím,Khúc Lan,
1285,Ngày đó trên chiếc cầu,Trần Thiện Thanh,Trần Thiện Thanh|Bolero
1286,Hai mươi năm tình cũ,Trần Quảng Nam,
1287,Bước Chân Chiều Chủ Nhật,Đỗ Kim Bảng,Nhạc vàng
1288,Tình người viễn xứ,Lam Phương,Lam Phương|Bolero
1289,Nỗi Niềm Người Ca Sĩ,Lục Hòa,Điệu Tango
1290,Nợ Duyên,Lý Bông Dừa,Ca cổ
1291,Yêu nhau bốn mùa,Lam Phương,Bolero|Lam Phương
1292,Tình yêu tuyệt vời,Lời Việt Khúc Lan,Nhạc ngoại
1293,Người em Vỹ Dạ (Người anh Vỹ Dạ),Anh Bằng,Bolero
1294,Hãy yêu nhau đi,Trúc Sinh|Lê Đức Long,Lê Đức Long|Nhạc trữ tình|Trúc Sinh
1295,Tình cơ,Vũ Phương,Vũ Phương|Bolero
1296,Trái tim còn trinh,Giao Tiên,Bolero
1297,Chốn Lao Xao,TaynguyenSound,Nhạc trẻ|TaynguyenSound
1298,Lỡ Chuyến Đò Ngang,Ngô Huỳnh,Ngô Huỳnh|Bolero
1299,Chẳng Còn Những Ngày Ấy,Huy Hiếu,Huy Hiếu|Ballad - pop
1300,Tình đẹp thiên thu,Giao Tiên,Bolero
1301,Phương Này Em Đợi,Vũ Xuân Hùng,Lời Việt|Vũ Xuân Hùng|Nhạc ngoại
1302,Yêu em thật đấy,Đinh Tùng Huy,Đinh Tùng Huy|Ballad
1303,Con đường Việt Nam,Anh Bằng,Bolero
1304,Đất mũi Cà Mau,Vinh Sử,Bolero
1305,Khóc Trong Tiếng Cười,Đông Thiên Đức,pop|Ballad|Đông Thiên Đức
1306,Đường về quê,Giao Tiên,Bolero
1307,Dù chỉ một lần thôi,Trúc Hồ,Trúc Hồ|Nhạc trữ tình
1308,Tìm nhau,Giao Tiên,Bolero
1309,Nếu tôi đưa em về,Anh Bằng,
1310,Trên đỉnh mùa đông,Lam Phương,Bolero|Lam Phương
1311,Tự Em Đa Tình,Huy Hiếu,Ballad - pop|Huy Hiếu
1312,Em luôn vẫn mơ,Nguyễn Huy Điền,Nhạc trữ tình|Nguyễn Huy Điền
1313,Người mang kỷ niệm,Hoài Phương,Trữ tình
1314,Dù Tình Phôi Pha,Đỗ Hiếu,Nhạc trẻ
1315,Kỷ niệm nào vội tan,Khúc Lan,Nhạc ngoại lời Việt
1316,Phải Quên Anh Thôi,Đỗ Hiếu,Nhạc trẻ
1317,Đừng Vì Cô Đơn,Đông Thiên Đức,Ballad|pop|Đông Thiên Đức
1318,Vấp ngã,Hoàng Văn Minh,Nhạc Trữ tình
1319,Trở về bên Chúa,Sr. Hiền Hòa,Sr. Hiền Hòa|Nhạc thánh ca
1320,Đến Với Nhau Là Sai,Đỗ Hiếu,Nhạc trẻ
1321,Vào Bếp,Nguyễn Văn Chung,Nhạc thiếu nhi
1322,Đêm mưa nhớ thầy,Danh Mã Phi Hùng,Nhạc Phật
1323,Hạ Đầu Tam Bái,Quách Duy Thái (Hoon),Pop
1324,Lãng Du,Vũ Xuân Hùng,Vũ Xuân Hùng|Lời Việt|Nhạc ngoại
1325,Nếu em là anh,Nguyễn Lê Việt Hùng,Nguyễn Lê Việt Hùng|Nhạc trẻ
1326,Con Đường,Lộn Xộn Band,Lộn Xộn Band|Nhạc trẻ
1327,Ru Ta Một Mình,Trịnh Lâm Ngân,Bolero
1328,Trái Cấm,Lương Gia Hùng,"Pop, Ballad"
1329,Phấn Hoa Màu Son,H-Kray,Pop
1330,Không cần hỏi thăm,Đinh Tùng Huy,Đinh Tùng Huy|Ballad
1331,Ngược lối ( Duyên phận),Ngọc Sơn,Ngọc Sơn|Bolero
1332,Đêm nay em thấy cô đơn (Đêm nay anh thấy cô đơn),Khúc Lan,Nhạc ngoại lời Việt
1333,Lỡ Có Yêu Nhau,Huỳnh Trung,"Pop, Ballad"
1334,Bài thơ đan áo,Anh Bằng,Bolero
1335,Bài ca tình nhớ,Khúc Lan,Nhạc ngoại lời Việt
1336,Yêu Đừng Có Nhây,Hana Cẩm Tiên,Ballad|pop|Hana Cẩm Tiên
1337,Bóng dáng thiên thần,Nguyễn Ngọc Thiện,Nhạc trữ tình|Nguyễn Ngọc Thiện|Hoàng Tuấn
1338,Thu vàng trên lối,Khúc Lan,Nhạc ngoại lời Việt
1339,Quên đi niềm đau,Dee Trần,Nhạc trẻ
1340,Giấc Mơ Một Cuộc Tình,Ưng Hoàng Phúc,Pop
1341,Lý con sáo,Vinh Sử,Bolero
1342,Nắng Cũ,Jin Tuấn Nam,Pop
1343,Khi ta xa rời nhau,Trúc Hồ,Nhạc trữ tình|Trúc Hồ
1344,Mặc Duyên Mặc Phận,Đông Thiên Đức,Đông Thiên Đức|pop|Ballad
1345,Cơn mưa trong đời,Khúc Lan,Nhạc ngoại lời Việt
1346,Tiếng hát hậu phương,Anh Bằng,Bolero
1347,Cho anh xin số nhà,Trần Thiện Thanh,Trần Thiện Thanh|Bolero
1348,Hương Rừng,TaynguyenSound,TaynguyenSound|Nhạc trẻ
1349,Tròn câu hẹn ước,Huỳnh Thanh Hiền,Trữ Tình
1350,Mãi yêu người thôi,Trúc Hồ,Nhạc trữ tình|Trúc Hồ
1351,Cháu Con Tiên Rồng Ngại Gì Corona,Nguyên Jenda,Nguyên Jenda|pop
1352,Khi mình xa nhau,Anh Bằng,
1353,Tình Trăng,Giác An,Giác An|Phật giáo
1354,Trời Huế vào thu chưa em,Trịnh Lâm Ngân,
1355,Dư âm,Nguyễn Văn Tý,
1356,Đừng Đi,Đỗ Hiếu|Dương Khắc Linh,Nhạc trẻ
1357,Yêu Không Hối Tiếc,Hamlet Trương,"Nhạc Trẻ,Nhạc Trữ Tình"
1358,Mưa,Ngân Giang,Ngân Giang|Nhạc trữ tình
1359,Người thương binh,Anh Bằng,Bolero
1360,Cô Đơn Một Vì Sao,Ưng Hoàng Phúc,Pop
1361,Người đi,Ngọc Loan,Nhạc trữ tình|Ngọc Loan
1362,Lòng Cha từ ái,Sr. Hiền Hòa,Sr. Hiền Hòa|Nhạc thánh ca
1363,Không Nên Tin Vào Tình Yêu,Trần Đăng Quang,Nhạc trẻ|Trần Đăng Quang
1364,Chuyện buồn ngày xuân,Lam Phương,Bolero|Lam Phương
1365,Đèn đỏ đèn xanh,Nguyễn Văn Chung,Nhạc thiếu nhi
1366,Thư người lính trận,Hàn Châu,Hàn Châu|Bolero
1367,Dấu đạn thù trên tường vôi trắng,Trần Thiện Thanh,Bolero|Trần Thiện Thanh
1368,Nhất Thế Giới Là Em,BÌN,Pop
1369,Nhạt Nhòa,Đỗ Hiếu,Nhạc trẻ
1370,Là Sao Em Ơi?,Bùi Công Nam,Nhạc trẻ
1371,Dại Khờ,NB3 Hoài Bảo,Nhạc trẻ
1372,Lý chim quyên,Diệp Vàm Cỏ,Ca cổ
1373,Đám Cưới Người Yêu,Ngô Huỳnh,Bolero|Ngô Huỳnh
1374,Hồn Cứu Long,Nguyễn Cường Thịnh (Jombie),Pop
1375,Khi ta rời xa nhau,Trúc Hồ,Nhạc trữ tình|Trúc Hồ
1376,Bạn Lòng,Hamlet Trương,"Nhạc Trẻ,Nhạc Trữ Tình"
1377,Trái mồng tơi,Vinh Sử,Bolero
1378,Người em Vỹ Dạ (Người anh Vỹ Dạ),Anh Bằng,
1379,Em Mình Ơi,Hamlet Trương,"Nhạc Trẻ,Nhạc Trữ Tình"
1380,Xin lỗi mẹ,Giao Tiên|Hương Vũ,Nhạc trữ tình
1381,Việt Nam Muôn Năm,BÌN,POP
1382,Oan Khúc Phụ Tình,Dee Trần,Nhạc Hoa Lời Việt
1383,Mong manh cuộc tình,Khúc Lan,Nhạc ngoại lời Việt
1384,Lá thư miền Trung,Lam Phương,Lam Phương|Bolero
1385,Mẹ gò công ( Người mẹ gò công),Hoàng Phương,Bolero
1386,Xa mối tình đầu (Đoạn tái bút 2),Bằng Giang|Tú Nhi,Bolero|Bằng Giang|Tú Nhi
1387,Tiễn người đi,Lam Phương,Lam Phương|Bolero
1388,Ngày này năm trước,Phượng Linh,Trữ tình
1389,Tìm Được Nhau Khó Thế Nào (OST Chìa Khóa Trăm Tỷ),Bùi Công Nam,Nhạc trẻ
1390,Là Con Gái Phải Xinh,Đỗ Hiếu,Nhạc trẻ
1391,Hôm Nay Con Bận Rồi,Bùi Công Nam,Nhạc trẻ
1392,Nỗi Buồn Chim Sáo,Giao Tiên,Nhạc trữ tình
1393,Đêm kỷ niệm,Ngân Giang,Nhạc trữ tình|Ngân Giang
1394,Con mèo lười,Nguyễn Văn Tý,Nhạc thiếu nhi
1395,Hoa Mân Côi,Nguyên Minh,Thánh ca
1396,Hối Duyên,Masew,pop|Masew
1397,Thê Tử,Kim Kim Gà,Ballad|Kim Kim Gà
1398,Goá phụ ngây thơ,Trần Thiện Thanh|Hà Huyền Chi,Bolero|Trần Thiện Thanh|Hà Huyền Chi
1399,Trở Về,Vĩnh Phúc,Nhạc thánh ca
1400,Still In Love,Nguyễn Huy Điền,Nguyễn Huy Điền|Nhạc trữ tình
1401,Niệm Tứ Ân,Giác An,Phật giáo|Giác An
1402,Những điều con yêu,Nguyễn Văn Chung,Nhạc thiếu nhi
1403,Thương bà con bão lũ về,Danh Mã Phi Hùng,Nhạc Trữ Tình
1404,Mời Trầu,Masew|APJ,APJ|Masew|pop
1405,Ngẫu Nhiên,TaynguyenSound,TaynguyenSound|Nhạc trẻ
1406,Chiếc cầu chiều mưa,Hoàng Phương,Bolero
1407,Sweet Home,Dương Khắc Linh|Hương Tràm,"Pop, Ballad"
1408,Sám hối cuộc đời,Hoàng Văn Minh,Nhạc Trữ tình
1409,Cô Thắm Không Về,Sinike,pop
1410,Xin Đừng Buông Tay,Đỗ Hiếu,Nhạc trẻ
1411,Giếng nước cây đa,Nguyễn Cửu Dũng,Nhạc trữ tình|Nguyễn Cửu Dũng
1412,Ta Đã Từng Yêu,Nguyễn Quốc Cường|Nhạc Nước Ngoài,Nhạc trẻ
1413,Lưng Chừng Hạnh Phúc,Hamlet Trương,"Nhạc Trẻ,Nhạc Trữ Tình"
1414,Bông Chiều Tím,Quang Mạnh,Quang Mạnh
1415,Phút giao mùa,Trần Thiện Thanh,Trần Thiện Thanh|Bolero
1416,Mãi yêu người,Lê Quang,Nhạc trữ tình|Lê Quang|Hoàng Tuấn
1417,Muôn Nẻo Từ Bi,Dee Trần,Nhạc Hoa Lời Việt
1418,Vài Giây Nữa Thôi,Reddy,Nhạc trẻ
1419,Lý qua cầu,Vinh Sử,Bolero
1420,Hồi chuông xóm đạo,Anh Bằng,
1421,Cho kỷ niệm mùa đông,Anh Bằng,
1422,Bếp Ấm Ngày Tết,Bùi Công Nam,Nhạc trẻ
1423,Tôi không còn yêu em,Vũ Tuấn Đức,Vũ Tuấn Đức|Nhạc trữ tình
1424,Không Thể Đổi Thay,Đỗ Hiếu,Nhạc trẻ
1425,Tiếng đàn,An Thuyên,Dân ca
1426,Xin trả lại em,Vũ Tuấn,Vũ Tuấn|Bolero
1427,Nếu em đã theo anh về (Giấc mơ tuyệt vời),Tuấn Hải,
1428,Mlem Iu Anh,BÌN,pop|BÌN
1429,Lửa mùa hạ,Trịnh Lâm Ngân,Bolero
1430,Bằng Lăng Tím Buồn,Đông Phương Tường,Bolero
1431,Cám dỗ,Anh Bằng,Bolero
1432,Lính dù lên điểm,Anh Bằng,Bolero
1433,Chúc thầy Thích Minh Tuệ vạn sự bình an,Danh Mã Phi Hùng,Nhạc Phật
1434,Em mãi còn tình đầu,Anh Bằng,Bolero
1435,Những người vượt gian khổ,Ngân Giang,Nhạc trữ tình|Ngân Giang
1436,Đếm Giọt Sầu Rơi,Vinh Sử,Bolero
1437,Huyền thoại Ngọc Lan,Trần Thiện Thanh,Trần Thiện Thanh|Bolero
1438,Hẹn ngày con về,Hoàng Văn Minh,Nhạc Trữ Tình
1439,Ai Ơi,Đạt Ozy,Pop
1440,Mười năm áo tím,Anh Bằng,Bolero
1441,Mẹ Em Nhắc Anh,Hamlet Trương,"Nhạc Trẻ,Nhạc Trữ Tình"
1442,Nhà mình chung vách,Vinh Sử,Bolero
1443,Đa tạ tình đời,Anh Bằng,Bolero
1444,Tình Yêu Mùa Hạ,Jang Mi,Nhạc Hoa Lời Việt
1445,Nghéo tay nhau thề,Vinh Sử,Bolero
1446,Tạ ơn mẹ,Lam Phương,Bolero|Lam Phương
1447,Đoàn người lữ thứ,Lam Phương,Bolero|Lam Phương
1448,Xin Má Rước Dâu,Lương Gia Hùng,Pop
1449,Đám cưới nhà binh,Anh Bằng,Bolero
1450,Gía Như Anh Lặng im,Nguyên Jenda,pop|Nguyên Jenda
1451,Chợ Đêm Miền Tây,Trần Trịnh,Bolero
1452,Sao Chẳng Thể Vì Em,Đỗ Hiếu,Nhạc trẻ
1453,Người yêu và sắc áo,Ngọc Sơn,Bolero|Ngọc Sơn
1454,Cảm Ơn Em Đã Đến,Quang Hùng MasterD,Quang Hùng MasterD|Ballad|Rap
1455,Mắc Cưới Lắm Rồi,Jin Tuấn Nam,Pop
1456,Niềm đau dĩ vãng,Phượng Linh,Trữ tình
1457,Mah Boo,Tăng Duy Tân,Great Entertainment
1458,Bụi Trần [Kiếp Nhân Sinh],Tâm Tâm,"Pop, Ballad"
1459,Lời hứa vu vơ,Khúc Lan,Nhạc ngoại lời Việt
1460,Đoạn đường cuối,Jin Tuấn Nam,Pop
1461,Cơn Mưa Định Mệnh,Anh Thi,Ballad
1462,Huế ơi,Nguyễn Cửu Dũng,Nguyễn Cửu Dũng|Nhạc trữ tình
1463,Đừng nói xa nhau,Châu Kỳ,"Bolero, ĐQ Asia"
1464,Tiếng chuông ngân,Khúc Lan,
1465,Cõi buồn,Anh Bằng,Bolero
1466,Khóc Bằng Nụ Cười,Đỗ Hiếu,Nhạc trẻ
1467,Yêu Là Khi,Vĩnh Phúc,Nhạc thánh ca
1468,Miền Hạnh Phúc,Đông Thiên Đức,Đông Thiên Đức|pop|Ballad
1469,Phương Xa Nhớ Mẹ,Đông Thiên Đức,Ballad|pop|Đông Thiên Đức
1470,Cô Đơn Một Vì Sao,Ưng Hoàng Phúc,Pop
1471,Nụ hôn biệt ly (Take me to your heart),Khúc Lan,Nhạc ngoại lời Việt
1472,Chỉ là phù du thôi,Trúc Hồ,Trúc Hồ|Nhạc trữ tình
1473,Cầu tre kỷ niệm,Vinh Sử,
1474,LayLaLay,Trịnh Trần Phương Tuấn (Jack),Trịnh Trần Phương Tuấn (Jack)|Nhạc trẻ
1475,Hồi chuông nửa đêm,Nguyễn Văn Đông,Trữ tình
1476,Người ở lại buồn,Anh Bằng,Bolero
1477,Cơn mưa chiều,Thanh Triết,Thanh Triết|Bolero
1478,Gà mái và đàn con,Nguyễn Văn Chung,Nhạc thiếu nhi
1479,Mây Phương Nam,Nguyễn Cường Thịnh (Jombie),Pop
1480,Đừng Xa Em Đêm Nay,Đức Huy,"Bolero, ĐQ Asia"
1481,Muốn Quên,Trần Trịnh,Bolero
1482,Người Yêu Cô Đơn,Đài Phương Trang,"Bolero, ĐQ Asia"
1483,Gánh nhau trong đời,Phạm Hưng,Phạm Hưng|Bolero
1484,Tình Cha Cho Con,Thế Thông,Thế Thông|Nhạc thánh ca
1485,Đừng hỏi vì sao,Lê Đức Long|Sỹ Đan,"Bolero, ĐQ Asia"
1486,Đôi mắt quê hương,Hoàng Phương,Nhạc trữ tình
1487,Quê hương bốn mùa,Giao Tiên,Bolero
1488,Đưa em về bên đó,Bằng Giang,
1489,"Hãy đến bên em (Comme Toi, Hãy đến bên anh)",Khúc Lan,Nhạc ngoại lời Việt
1490,Mộng đẹp ngày xưa,Sophie Trần,Nhạc trẻ
1491,Con Nương Tựa Phật,Thích Nhật Từ,Nhạc phật giáo
1492,"Quê Hương Ơi, Thôi Đành Xa",Trịnh Lâm Ngân,Bolero
1493,Hương Trấu,TaynguyenSound,Nhạc trẻ|TaynguyenSound
1494,Giọt Men Tình,Lý Bông Dừa,Ca cổ
1495,Bao La Lòng Mẹ,Giác An,Giác An|Phật giáo
1496,Sân Khấu,Trần Trịnh,Bolero
1497,Sao Em Làm Được,Đông Thiên Đức,pop|Ballad|Đông Thiên Đức
1498,Vầng trăng đợi chờ,Hoàng Phương,Bolero
1499,Chỉ là giấc mơ,Vinh Sử,Bolero
1500,Rừng khuya,Lam Phương,Lam Phương|Bolero
1501,Vẫn mãi yêu em,Khúc Lan,Nhạc ngoại lời Việt
1502,Mùa hè năm ấy,Khúc Lan,Nhạc ngoại lời Việt
1503,Nghéo tay nhau thề (Ngoéo tay nhau thề),Vinh Sử,Bolero
1504,Thói Đời 2,Đông Phương Tường,Bolero
1505,Biển chiều,Lê Quang,Nhạc trữ tình|Hoàng Tuấn|Lê Quang
1506,Sầu tương tư,Giao Tiên|Hương Vũ,Nhạc trữ tình
1507,Muôn kiếp là anh em,Du Thiên,Ballad| Du Thiên
1508,"Thôi Trễ Rồi, Chắc Anh Phải Về Đây",TaynguyenSound,Nhạc trẻ|TaynguyenSound
1509,Rượu Tình,Nam Đức,Nhạc trẻ|Nam Duc
1510,Tình em ngọn nến (Tình anh ngọn nến),Khúc Lan,Nhạc ngoại lời Việt
1511,Mẹ Về Trời,Thế Thông,Thế Thông|Nhạc thánh ca
1512,Quê Hương Tình Mẹ,Giác An,Phật giáo|Giác An
1513,Chúa và Con,Thế Thông,Nhạc thánh ca|Thế Thông
1514,Cho đẹp lòng nhau,Giao Tiên,Bolero
1515,Thế Giới Trong Em,Sinike,pop|Sinike
1516,Giọt nắng tình say,Phạm Hưng,Bolero|Phạm Hưng
1517,Đồng Xanh,Dương Khắc Linh,"Pop, Ballad"
1518,Yêu,Anh Bằng,Bolero
1519,Vương Thúy Kiều,Anh Bằng,Bolero
1520,Em Anh Và Cô Ấy,Hamlet Trương,"Nhạc Trẻ,Nhạc Trữ Tình"
1521,Chắp tay nguyện cầu,Lam Phương,Lam Phương|Bolero
1522,Tình Cha,Giác An,Giác An|Phật giáo
1523,Tiếng mưa buồn,Khúc Lan,Nhạc ngoại lời Việt
1524,Xa dấu tình hồng,Bằng Giang,Bolero
1525,Người tình ơi đừng xa,Khúc Lan,Nhạc ngoại lời Việt
1526,Quay đầu hoàn lương,Hoàng Văn Minh,Nhạc Trữ tình
1527,Vắng Bóng Mẹ Rồi,Ngô Huỳnh,Ngô Huỳnh|Bolero
1528,Thương Lắm Cỏ Ơi,Từ Như Tài,Nhạc trữ tình
1529,Đầu năm đi lễ,Ngọc Sơn,Ngọc Sơn|Bolero
1530,Đến Sau Một Người,Lý Bông Dừa,Ca cổ
1531,Mùa xuân của chúng mình,Tuấn Hải,Bolero
1532,Em hứa thế nào,Như Việt,Như Việt|Ballad
1533,Cưới em,Hùng Linh,
1534,Một Đời Phong Ba,Đông Thiên Đức,pop|Ballad|Đông Thiên Đức
1535,Tay vịn Cần Thơ,Phan Ni Tấn,Nhạc trữ tình
1536,Cuộc tình cay đắng,Nguyễn Ngọc Thiện,Hoàng Tuấn|Nguyễn Ngọc Thiện|Nhạc trữ tình
1537,Căn Gác Trống,Nguyễn Quang Hưng,Pop
1538,Tình sử Huyền Trân,Giao Tiên,Bolero
1539,Tình Yêu Diệu Kỳ,Vĩnh Phúc,Nhạc thánh ca
1540,Chuyện thuyền từ ly,Hoàng Phương,Nhạc trữ tình
1541,Tìm Về Đường Sáng,Giác An,Phật giáo|Giác An
1542,Huế Nhớ O,Anh Bằng,Bolero
1543,Xứ Nghệ mình ơi,Ngô Sỹ Ngọc,Nhạc trữ tình
1544,biet iu 1 nguoi,Winno,Rap
1545,Thế đời,Viên Nghiệp,Viên Nghiệp|Bolero
1546,Tình mẹ bao la,Nguyễn Ngọc Thịnh,Nhạc trữ tình
1547,Kẻ đi rong,Hoàng Cầm|Nguyên Chi,Bolero
1548,Mẹ Mở Mắt Ra Đi,Hamlet Trương,"Nhạc Trẻ,Nhạc Trữ Tình"
1549,Nàng BURAM (Tâm sự nàng Buram),Ngân Giang|Vinh Sử,Nhạc trữ tình|Vinh Sử|Ngân Giang
1550,Xuân ơi xuân ơi,Nguyễn Văn Chung,Nhạc thiếu nhi
1551,Nhớ quê,Giao Tiên,Bolero
1552,Biệt Khúc,Trần Trịnh,Bolero
1553,Sao chẳng đành quên,Dee Trần,Nhạc trẻ
1554,Nước lũ vô tình,Danh Mã Phi Hùng,Nhạc Trữ Tình
1555,Tây Kỳ Love,Sinike,pop|Sinike
1556,Xây nhà bên suối,Vinh Sử,Bolero
1557,Làm Người Yêu Anh Nhé Baby,Nguyên Jenda,Nguyên Jenda|pop
1558,Thương Mẹ,Ngô Huỳnh,Ngô Huỳnh|Bolero
1559,Hà Tĩnh mình thương,An Thuyên,Dân ca
1560,Đường đời chơi vơi,Viên Nghiệp,Bolero|Viên Nghiệp
1561,Mình mất nhau bao giờ,Lam Phương,Bolero|Lam Phương
1562,Về Thăm Chùa Xưa,Giác An,Giác An|Phật giáo
1563,Đưa em về,Anh Bằng,
1564,Đập vỡ cây đàn 2,Viên Nghiệp,Bolero|Viên Nghiệp
1565,Xin Giữ Gìn Con,Thế Thông,Thế Thông|Nhạc thánh ca
1566,Về với kỷ niệm,Vinh Sử,Bolero
1567,Ngày mình chung đôi,Hùng Min,Hùng Min|Ballad
1568,Lời ru,Diệp Vàm Cỏ,Ca cổ
1569,Tình đầu nho nhỏ,Diệp Vàm Cỏ,Ca cổ
1570,Tôi Đi Tìm Tôi,Thích Nhật Từ,Nhạc phật giáo
1571,Mưa buồn,Anh Bằng,Bolero
1572,Lỡ cuộc tình sầu,Bằng Giang,Bolero
1573,Khổ Tâm,Hamlet Trương,"Nhạc Trẻ,Nhạc Trữ Tình"
1574,Còn mãi yêu thương,Trần Quảng Nam,Nhạc trữ tình
1575,Câu đêm,Vinh Sử,Bolero
1576,La Bamba,Khúc Lan,Nhạc ngoại lời Việt
1577,Đừng hỏi tại sao,Trần Thiện Thanh,Trần Thiện Thanh|Bolero
1578,Lời hát tạ ơn,Sr. Hiền Hòa,Sr. Hiền Hòa|Nhạc thánh ca
1579,Hà Tĩnh quê mình,Nguyễn Ngọc Thịnh,Nhạc trữ tình
1580,Đố Anh Quên Được Em,Đỗ Hiếu,Nhạc trẻ
1581,Chuyện hoa Tigôn,Anh Bằng,Bolero
1582,Mặc cho đúng sai,ViAM,Ballad|ViAM
1583,Anh Vẫn Mơ Về Em,Johnny Dũng,Nhạc trữ tình
1584,Hai Sắc Hoa TiGôn,Trần Trịnh,Bolero
1585,Cuộc Gọi Giữa Đêm,Nis|mPhu,"Hiphop, Rnb"
1586,Nếu Không Có Em Bên Đời,Vũ Xuân Hùng,Nhạc ngoại|Lời Việt|Vũ Xuân Hùng
1587,Tình mãi bên anh (Tình mãi bên em),Khúc Lan,Nhạc ngoại lời Việt
1588,Cún con ơi,Nguyễn Văn Chung,Nhạc thiếu nhi
1589,Sắc Cam,RonOST,Pop ballad
1590,Nửa đời yêu em,Lam Phương,Lam Phương|Bolero
1591,Hải ngoại thương ca,Nguyễn Văn Đông,Trữ tình
1592,Lời Hứa Cho Tình Yêu,Nguyễn Hoài Anh,Pop
1593,Bước Chân Hồng Trần,Diễm Trang,Nhạc trữ tình
1594,Anh hùng tử khí hùng bất tử,Trần Thiện Thanh|Phạm Duy|Anh Việt Thu,Bolero|Trần Thiện Thanh|Anh Việt Thu|Phạm Duy
1595,Cố Quên Tình Yêu,Johnny Dũng,Nhạc trữ tình
1596,Khúc tình ca hàng hàng lớp lớp,Nguyễn Văn Đông,Trữ tình
1597,Chuyện tình hoa mai,Anh Bằng,Bolero
1598,Vẽ,Anh Bằng,Bolero
1599,Lý chiều chiều,Vinh Sử,Bolero
1600,Người Buồn Nhất,Hoàng Phương,Nhạc Hoa Lời Việt 
1601,Khó Mở Dễ Đóng,Đỗ Hiếu,Nhạc trẻ
1602,Có lẽ,Tuấn Hải,Bolero
1603,Cuộc Tình Bể Dâu,Trần Trịnh,Bolero
1604,Phố đêm,Tâm Anh,"Bolero, ĐQ Asia"
1605,Cám Ơn Đời,Nguyễn Quốc Cường,Nhạc trẻ
1606,Phải Dừng Lại Thôi,NB3 Hoài Bảo,Nhạc trẻ
1607,"Nhường com sẻ áo, tình thương vĩnh cửu",Danh Mã Phi Hùng,Nhạc Trữ Tình
1608,Định mệnh buồn,Giao Tiên|Hương Vũ,Nhạc trữ tình
1609,Đời chưa trang điểm,Giao Tiên,Bolero
1610,Ngày Lành Tháng Tốt,Tâm Tâm,Pop
1611,Lời ru của đất,Phan Ni Tấn,Nhạc trữ tình
1612,Một nửa đời em,Trúc Hồ,"Bolero, ĐQ Asia"
1613,Nỗi Đau Về Đêm,Anh Thi,Ballad
1614,Tiếc,Lam Phương,Lam Phương|Bolero
1615,Đã yêu một thời,Nguyễn Huy Điền,Nguyễn Huy Điền|Nhạc trữ tình
1616,Truyện Kiều,Anh Bằng,Bolero
1617,Mặc Định Anh Sai,Ưng Hoàng Phúc,"Pop, Ballad"
1618,Con sáo sang sông,Phạm Minh Cảnh,Bolero
1619,Thì Thôi,Reddy,Nhạc trẻ
1620,Chớ Nên Về Sớm,Đỗ Hiếu,Nhạc trẻ
1621,Kẻ Ngu Yêu Lại Người Cũ,Đông Thiên Đức,pop|Đông Thiên Đức|Ballad
1622,Chỉ mong anh hạnh phúc,Nguyễn Huy Điền,Nguyễn Huy Điền|Nhạc trữ tình
1623,Thương Em Lâu Rồi,Jin Tuấn Nam,Pop
1624,Tìm Không Ra Lối,Hamlet Trương,"Nhạc Trẻ,Nhạc Trữ Tình"
1625,Hương tình yêu,Giao Tiên,Bolero
1626,Những buổi chiều vàng,Khúc Lan,Nhạc ngoại lời Việt
1627,Ngày Anh Hạnh Phúc Nhất,Sinike,Sinike|pop
1628,Mãi chờ anh,Nhật Thu,Nhật Thu|Nhạc trữ tình
1629,Tình Tan,Anh Bằng,Bolero
1630,Anh Có Người Mới Chưa,Bùi Công Nam,Nhạc trẻ
1631,Phố vắng bóng quen,Ngọc Sơn,Ngọc Sơn|Bolero
1632,Trái mồng tơi,Vinh Sử,Bolero
1633,Cô đi nuôi dạy trẻ,Nguyễn Văn Tý,Nhạc trữ tình
1634,Em đã quên một dòng sông,Trúc Hồ,Nhạc trữ tình|Trúc Hồ
1635,Mai Em Theo Chồng,Hamlet Trương,"Nhạc Trẻ,Nhạc Trữ Tình"
1636,Phong Trần,Nguyễn Thanh Phúc (Sakhar)|Nguyễn Văn Dĩ Khang (Anh Rồng),Pop
1637,Quên đi,Trúc Hồ,Nhạc trữ tình|Trúc Hồ
1638,Anh ở đây em ở đâu,Nhật Hoàng,Nhạc trẻ|Nhật Hoàng
1639,Khoảng Trống Để Lại,Nguyễn Quốc Cường,Nhạc trẻ
1640,Còn mãi yêu em,Khúc Lan,Nhạc ngoại lời Việt
1641,Người tình yêu dấu,Nguyễn Văn Đông,Trữ tình
1642,Giấc mơ bên người,Lê Quang,Lê Quang|Hoàng Tuấn|Nhạc trữ tình
1643,Ngày tròn tuổi lính,Anh Bằng,Bolero
1644,Xa cha mẹ tu hạnh đầu đà,Danh Mã Phi Hùng,Nhạc Phật
1645,Bão Yagi đến làm chi,Danh Mã Phi Hùng,Nhạc Trữ Tình
1646,Nếu có một ngày,Kim Kim Gà,Kim Kim Gà|Ballad
1647,Túp lều vàng,Nguyễn Vĩ,Nguyễn Vĩ|Ballad
1648,Em Là Ai,Đỗ Hiếu,Nhạc trẻ
1649,Nói Với Người Đến Sau,Hamlet Trương,"Nhạc Trẻ,Nhạc Trữ Tình"
1650,Cho Đẹp Lòng Nhau,Ngân Giang,Ngân Giang|Nhạc trữ tình
1651,Xin đừng trách anh,Phượng Linh,Trữ tình
1652,Nơi Đó Có Con Đường,Nguyễn Hoài Anh,Pop
1653,Vì chưa ngỏ ý,Hùng Linh,Bolero
1654,Chạm,Ưng Hoàng Phúc,Pop
1655,Anh Yêu Em,Đông Thiên Đức,Đông Thiên Đức|Ballad|pop
1656,Tình Thơ Xứ Huế,Việt Sơn,Ca cổ
1657,Gửi về cao nguyên đá,Ngô Sỹ Ngọc,Nhạc trữ tình
1658,Cay đắng tình đời,Phượng Linh,Trữ tình
1659,Ngõ hẻm gặp nhau,Vinh Sử,Bolero
1660,Căn gác lưu đày,Anh Bằng,Bolero
1661,Lý phụ tình,Quốc Anh,Bolero
1662,Đã Có Anh (Gotcha),Quang Hùng MasterD,Ballad|Rap|Quang Hùng MasterD
1663,Nếu mộng không thành,Vinh Sử,Bolero
1664,Ừ Thì Cô Đơn,Đông Thiên Đức,Ballad|Đông Thiên Đức|pop
1665,Tình xanh,Trần Quảng Nam,Nhạc trữ tình
1666,Dành Cả Thanh Xuân Để Yêu Ai Đó,Hamlet Trương,"Nhạc Trẻ,Nhạc Trữ Tình"
1667,Anh trước tôi sau,Nguyễn Văn Đông,Trữ tình
1668,Trái đắng,Trần Thiện Thanh,Trần Thiện Thanh|Bolero
1669,Nói Đi Là Đi,Hamlet Trương,"Nhạc Trẻ,Nhạc Trữ Tình"
1670,Quy Luật Muôn Đời,Thích Nhật Từ,Nhạc phật giáo
1671,Chúa biết con yêu mến Ngài,Sr. Hiền Hòa,Sr. Hiền Hòa|Nhạc thánh ca
1672,Quên cây cầu dừa,Vinh Sử,
1673,Làm lại từ đầu,Trúc Hồ,Nhạc trữ tình|Trúc Hồ
1674,Tình đã xa,Nguyễn Ngọc Thiện,Nguyễn Ngọc Thiện|Hoàng Tuấn|Nhạc trữ tình
1675,Đừng xa em,Anh Bằng,Bolero
1676,Cô ấy là ai,Trung Ngon,Ballad|Trung Ngon
1677,Tình yêu tình người,Trúc Hồ,Trúc Hồ|Nhạc trữ tình
1678,Giả Vờ Say,Đỗ Hiếu,Nhạc trẻ
1679,Tình cha bến đợi,Phan Phúc Thao,Nhạc trữ tình
1680,Em đến rồi đi,Anh Bằng,Bolero
1681,Đi tìm kỷ niệm,Vinh Sử,Bolero
1682,Cho Con,Nam Đức,Nhạc trẻ|Nam Duc
1683,Làm thơ tình em đọc,Trúc Hồ,Nhạc trữ tình|Trúc Hồ
1684,Thương về mùa đông biên giới,Phượng Linh,Trữ tình
1685,Thánh Gía Đời Con,Thế Thông,Thế Thông|Nhạc thánh ca
1686,Dáng Xưa,Đinh Miên Vũ,Nhạc Trữ Tình
1687,Kiếp nam nhi,Hoàng Văn Minh,Nhạc Trữ Tình
1688,Hơn cả mây trời,Như Việt,Như Việt|Ballad
1689,Giấc Mộng Đêm Xuân,Hamlet Trương,"Nhạc Trẻ,Nhạc Trữ Tình"
1690,Trở Về 2,Ngắn,Ngắn|Nhạc trẻ
1691,Xứ Nghệ mình ơi,Ngô Sỹ Ngọc,Nhạc trữ tình
1692,Mất nhau mùa thu,Anh Bằng,Bolero
1693,Tình yêu lạc lối,Khúc Lan,Nhạc ngoại lời Việt
1694,Bà mẹ hai con,Nguyễn Văn Đông,Trữ tình
1695,Lời tình băng giá,Anh Bằng,Bolero
1696,Bỏ Rơi Em Là Anh Yêu Em,Tika Tùng Anh,Pop
1697,Không Thở Được,Hamlet Trương,"Nhạc Trẻ,Nhạc Trữ Tình"
1698,Bậu mãi xa rồi,Trường Sang|Khánh Tài,Nhạc trữ tình
1699,Phú Yên Quê Hương Tôi,Phạm Tôn Tẫn  - Hồ Xuân Tứ,Nhạc Trữ tình quê hương
1700,Sài gòn vẫn mãi trong tôi,Anh Bằng|Trúc Hồ,Nhạc trữ tình|Anh Bằng|Trúc Hồ
1701,Soi Rõ Lòng Người,Nal,Nhạc trẻ
1702,"Em, biển và sóng",Giao Tiên,Bolero
1703,Về Chưa Con,Bùi Công Nam,Nhạc trẻ
1704,Đành gửi lại dòng La,Lục Hòa,Dân ca Xứ Nghệ
1705,Bài thơ dâng mẹ,Vinh Sử,Bolero
1706,Chuyện tình vườn dâu,Vinh Sử,Bolero
1707,Ai Là Người Cuối Cùng,Dương Khắc Linh,"Pop, ballad"
1708,Một ngày,Anh Bằng,Bolero
1709,Con đường xưa em đi,Châu Kỳ,"Bolero, ĐQ Asia"
1710,Hoa tình chẳng nở,Dee Trần,Nhạc trẻ
1711,Xuân quê hương,Vũ Phương,Bolero|Vũ Phương
1712,Để tóc nàng ngủ yên,Vinh Sử,Bolero
1713,Em đã ra đi,Anh Bằng,Bolero
1714,Cùng Me Sống Lời Chúa,Thế Thông,Nhạc thánh ca|Thế Thông
1715,Chiều ghé đồi sim,Vinh Sử,Bolero
1716,Tuổi Biết Buồn,Ngọc Chánh,Bolero
1717,Gác nhỏ vắng anh,Anh Bằng,Bolero
1718,Khắc Họa Tương Tư,Thuận Rnb,Pop
1719,Thương Rồi Biết Hông,Hào JK,"Pop, Ballad"
1720,Đừng Mong Anh Sẽ Chúc Em Hạnh Phúc,Hamlet Trương,"Nhạc Trẻ,Nhạc Trữ Tình"
1721,Em Đã Có Người Mới,Bùi Công Nam,Nhạc trẻ
1722,Đồng sâu xứ lạ,Hà Phương,Bolero
1723,Chiều hoang vắng,Lam Phương,Lam Phuong|Bolero
1724,Anh Thương Cô Út Đưa Đò,Lý Bông Dừa,Ca cổ
1725,Em dám hông,Great Entertainment,Great Entertainment
1726,Bông Hồng Dâng Mẹ,Giác An,Giác An|Phật giáo
1727,Kẻ Nắm Người Buông,NB3 Hoài Bảo,Nhạc trẻ
1728,Ánh trăng tan,Anh Bằng,Bolero
1729,Lời dối gian chân thành,Trúc Hồ,Nhạc trữ tình|Trúc Hồ
1730,Anh Lại Làm Em Khóc,Yong Anh,pop|Yong Anh
1731,Chờ Anh Ngỏ Lời,MT Black,Nhạc trẻ
1732,Rước dâu về làng,Vinh Sử,Bolero
1733,Mối tình đầu,Anh Bằng,Bolero
1734,Nhạc tình đêm mưa,Khúc Lan,Bolero
1735,Nụ hồng mong manh,Nhạc ngoại|Nhật Ngân,"Bolero, ĐQ Asia"
1736,Bạn Tri Kỷ,Nguyễn Quốc Cường|Nhạc Hoa,Nhạc trẻ
1737,Xin em đừng hỏi,Trần Thiện Thanh|Nhật Bằng|Đào Duy,Bolero|Đào Duy|Trần Thiện Thanh|Nhật Bằng
1738,Khúc Biệt Ly,Thế Thông,Nhạc thánh ca|Thế Thông
1739,Mộng Mơ,RedT,pop|RedT
1740,Xa nhau từ đây,Khúc Lan,Nhạc ngoại lời Việt
1741,Lời Cám Ơn Cuối Cùng,Anh Bằng,Bolero
1742,Điệp khúc thương đau,Anh Bằng,Bolero
1743,Không Giữ Được Em,Dương Khắc Linh,"Pop, Ballad"
1744,Nguyện mãi yêu người,Nguyễn Huy Điền,Nhạc trữ tình|Nguyễn Huy Điền
1745,Hoa chiều,Trần Thiện Thanh,Trần Thiện Thanh|Bolero
1746,Mưa rơi,Vinh Sử,Bolero
1747,Tình vẫn chưa yên,Lam Phương,Bolero|Lam Phương
1748,Tiếng tàu đêm,Ngô Hồng Khanh,Ca cổ
1749,Đơn lạnh,Anh Bằng,Bolero
1750,Tiếng Chuông Khuya,Giác An,Phật giáo|Giác An
1751,Hiếu Đạo Kính Dâng Mẹ Hiền,Ngô Huỳnh,Ngô Huỳnh|Bolero
1752,Nhạt Nhòa,Zuong Zero,Pop
1753,Chiều hè trên bãi biển (Tình hè),Hoàng Phương,Bolero
1754,The Waves,Trần Trịnh,Bolero
1755,Độc Huyền,Trần Trịnh,Bolero
1756,Hãy Nói Yêu Em,Đỗ Hiếu|Huỳnh Quốc Huy,Nhạc trẻ
1757,Nỗi niềm riêng,Duy Khánh,Bolero|Duy Khánh
1758,Hoa dâng Mẹ,Sr. Hiền Hòa,Nhạc thánh ca|Sr. Hiền Hòa
1759,"Em vẫn đợi anh (Anh vẫn đợi em, ngày đó xa nhau)",Khúc Lan,Nhạc ngoại lời Việt
1760,Vùng biển trời màu áo em,Lam Phương,Lam Phương|Bolero
1761,Lời cho người yêu nhỏ,Trần Thiện Thanh,Bolero|Trần Thiện Thanh
1762,Ở Trong Đôi Mắt Em,Winno,Rap
1763,Trái Tim Mồ Côi,Sinike,Sinike|pop
1764,Nếu biết rằng tôi đã lấy chồng,Anh Bằng,Bolero
1765,Giữa hai cuộc tình,Khúc Lan,Nhạc ngoại lời Việt
1766,Bên em đang có ta,Trúc Hồ|Trầm Tử Thiêng,"Bolero, ĐQ Asia"
1767,Hà Tĩnh khúc hát ân tình,Phan Phúc Thao,Nhạc trữ tình
1768,Một lần cuối,Trần Thiện Thanh,Bolero|Trần Thiện Thanh
1769,Vườn Địa Đàng,Vũ Xuân Hùng,Vũ Xuân Hùng|Nhạc ngoại|Lời Việt
1770,Rừng Lá Thay Chưa,Huỳnh Anh|Hoàng Ngọc Ẩn,"Bolero, ĐQ Asia"
1771,Trái tim khô,Vinh Sử,Bolero
1772,Sài Gòn niềm nhớ,Khúc Lan,Nhạc ngoại lời Việt
1773,Lời hứa ban đầu,Hoài Phương,Trữ tình
1774,Trước lầu Ngưng Bích,Lam Phương,Lam Phương|Bolero
1775,Rộn ràng niềm vui,Trịnh Lâm Ngân,Bolero
1776,Con Tim Mong Manh,Nguyễn Quốc Cường,Nhạc trẻ
1777,Anh hỡi em về đây (Em hỡi anh về đây),Khúc Lan,Nhạc ngoại lời Việt
1778,Tình yêu nỗi nhớ,Trần Quảng Nam,Nhạc trữ tình
1779,Giã biệt tình em,Trần Quảng Nam,Nhạc trữ tình
1780,Keep Me In Love,Đỗ Hiếu,Nhạc trẻ
1781,Hai Sắc Hoa Tigon,Hà Phương,
1782,Bé ơi ngủ ngoan,Nguyễn Văn Chung,Nhạc thiếu nhi
1783,Lady of ice,Khúc Lan,Nhạc ngoại lời Việt
1784,Tiễn em lần cuối,Bằng Giang,Bolero
1785,Khi vắng mẹ,Nguyễn Văn Chung,Nhạc thiếu nhi
1786,Giọt lệ tương tư,Khúc Lan,Nhạc ngoại lời Việt
1787,Năm Qua Đã Làm Gì,Bùi Công Nam,Nhạc trẻ
1788,Huynh đệ cho binh,Anh Bằng,Bolero
1789,Vỗ tay mừng rạng đông,Ngân Giang,Ngân Giang|Nhạc trữ tình
1790,Xuân yêu thương,Sr. Hiền Hòa,Nhạc thánh ca|Sr. Hiền Hòa
1791,Chuyến trọ trần,Ngô Minh Tài,Nhạc trữ tình
1792,Biệt Khúc,Trần Trịnh,Bolero
1793,Ngày Ấy Sẽ Đến,Vĩnh Phúc,Nhạc thánh ca
1794,Chuyện người đẹp đêm trăng,Ngân Giang,Nhạc trữ tình|Ngân Giang
1795,Trời chưa muốn sáng,Trần Thiện Thanh,Trần Thiện Thanh|Bolero
1796,Cứ Để Ta Yêu,Hamlet Trương,"Nhạc Trẻ,Nhạc Trữ Tình"
1797,Mùa thu còn mãi,Nguyễn Huy Điền,Nguyễn Huy Điền|Nhạc trữ tình
1798,Họa khúc tương tư,Kim Kim Gà,Ballad|Kim Kim Gà
1799,Từ nơi tôi sinh ra,Trịnh Trần Phương Tuấn (Jack),Pop
1800,Lời nguyền son sắc,Ngọc Sơn,Ngọc Sơn|Bolero
1801,Nguôi Ngoai,NB3 Hoài Bảo,Nhạc trẻ
1802,Chuyến xe cuối cùng,Hàn Châu,Bolero|Hàn Châu
1803,Yêu một người tổn thương,Nhật Phong,Nhật Phong|Ballad
1804,Chợt Nhớ Mẹ,Ngô Huỳnh,Ngô Huỳnh|Bolero
1805,Biển tím,Hoàng Phương,Bolero
1806,Giấc mơ năm xưa,Nguyễn Huy Điền,Nhạc trữ tình|Nguyễn Huy Điền
1807,Người anh thương mến,Diệp Vàm Cỏ,Ca cổ
1808,Mắt xanh con gái,Trịnh Lâm Ngân,Bolero
1809,Nuối tiếc,Anh Bằng,Bolero
1810,Rồi Mai Đây,Giác An,Phật giáo|Giác An
1811,Từ khi anh gặp em,Huỳnh Lê,Nhạc trẻ
1812,Như đập vỡ tim,Vinh Sử,Bolero
1813,Đời em có anh,Tiến Tới|Hoàng Oanh,Tiến Tới|pop|Hoàng Oanh
1814,Ở đâu cũng có em,Trần Quảng Nam,Nhạc trữ tình
1815,Tâm sự cho người,Giao Tiên,Bolero
1816,Suối nước mắt,Ngân Giang,Nhạc trữ tình|Ngân Giang
1817,Nếu em là người tình (Nếu anh là người tình),Khúc Lan,Nhạc ngoại lời Việt
1818,Con lớn rồi,Nguyễn Văn Chung,Nhạc thiếu nhi
1819,Thương Nhau Để Đó,Hamlet Trương,"Nhạc Trẻ,Nhạc Trữ Tình"
1820,Lời kinh gia đình,Sr. Hiền Hòa,Nhạc thánh ca|Sr. Hiền Hòa
1821,Mẹ Maria,Hamlet Trương,"Nhạc Trẻ,Nhạc Trữ Tình"
1822,Ai về miền Tây,Trường Sang,Nhạc trữ tình
1823,Nụ cười xa vắng,Khúc Lan,Nhạc ngoại lời Việt
1824,Chiều mưa anh về,Trần Thiện Thanh|Thu An,Trần Thiện Thanh|Thu An|Bolero
1825,Tình điên,Trần Quảng Nam,Nhạc trữ tình
1826,Nay ta đã mất nhau rồi,Nguyễn Huy Điền,Nhạc trữ tình|Nguyễn Huy Điền
1827,Khung trời kỷ niệm,Tú Nhi|Hoàng Thanh Việt,Bolero|Hoàng Thanh Việt|Tú Nhi
1828,Mộng dưới trăng,Danh Mã Phi Hùng,Nhạc Trữ Tình
1829,Mở Rộng Vòng Tay,Thế Thông,Thế Thông|Nhạc thánh ca
1830,Gấp Trăm Lần Đau,Đông Thiên Đức,Đông Thiên Đức|pop|Ballad
1831,Nếu không có em,Trúc Hồ,Nhạc trữ tình|Trúc Hồ
1832,Về miền Trung,An Thuyên,Dân ca
1833,Căn Phòng Nước Mắt,Hamlet Trương,"Nhạc Trẻ,Nhạc Trữ Tình"
1834,Thưa Má Con Đi,Lý Bông Dừa,Ca cổ
1835,Bông hồng gai,Như Việt|Xan,Ballad|Như Việt|Xan
1836,Khi mình xa nhau,Anh Bằng,Bolero
1837,Niềm vui của thầy cô,Nguyễn Văn Chung,Nhạc thiếu nhi
1838,Bé chơi trung thu,Nguyễn Văn Chung,Nhạc thiếu nhi
1839,Mưa ngoại ô,Anh Bằng,Bolero
1840,Viết trên cao,Hàn Châu|Thanh Phương,Hàn Châu|Bolero|Thanh Phương
1841,Cuộc Tình Thê Lương,Tô Minh Hiệu,Nhạc Hoa Lời Việt
1842,Lý Do Nào Để Yêu Em,Bùi Công Nam,Nhạc trẻ
1843,Tôi đưa em sang sông,Y Vũ,"Bolero, ĐQ Asia"
1844,Em Còn Lại Gì ?,Dương Khắc Linh,"Pop, Ballad"
1845,Hạnh phúc mang theo,Lam Phương,Bolero|Lam Phương
1846,Kiếp Phiêu Bồng 1,Johnny Dũng,Nhạc trữ tình
1847,Đồng cảnh ngộ,Ngân Giang,Nhạc trữ tình|Ngân Giang
1848,Nợ mẹ lối đi về,Phạm Hưng,Phạm Hưng|Bolero
1849,Rực Rỡ Sắc Xuân,Đỗ Ái Tử,Pop
1850,Trăng thanh bình,Lam Phương,Lam Phương|Bolero
1851,Anh về một chiều mưa,Duy Khánh|Anh Thy,Duy Khánh|Anh Thy|Bolero
1852,Dòng lệ,Lam Phương,Bolero|Lam Phương
1853,Thân phận bụi đất,Sr. Hiền Hòa,Nhạc thánh ca|Sr. Hiền Hòa
1854,Điệp khúc tình yêu,Vinh Sử,Bolero
1855,Power of love,Khúc Lan,Nhạc ngoại lời Việt
1856,Say Nữa Rồi,Quách Duy Thái (Hoon)|Khưu Quang Học (Chips),Pop
1857,Người Thương,Hamlet Trương,"Nhạc Trẻ,Nhạc Trữ Tình"
1858,Qua Cầu Rút Ván,Lương Gia Hùng,Pop
1859,Mãi Bên Nhau,Đỗ Anh Tuấn,Nhạc Trữ Tình
1860,Chưa trọn cuộc tình,Giao Tiên,Bolero
1861,Hương trầm cung tiến,Sr. Hiền Hòa,Nhạc thánh ca|Sr. Hiền Hòa
1862,Lệ úa,Huy Phương,"Bolero, ĐQ Asia"
1863,Về đâu hỡi em,Trúc Hồ,Trúc Hồ|Nhạc trữ tình
1864,Đừng nhìn đời xa vời,Trúc Sinh|Lê Đức Long,Trúc Sinh|Lê Đức Long|Nhạc trữ tình
1865,Vợ Tương Lai,Bùi Công Nam,Nhạc trẻ
1866,Quy Kính Phật Đà,Giác An,Phật giáo|Giác An
1867,Tình Chúa yêu con,Sr. Hiền Hòa,Sr. Hiền Hòa|Nhạc thánh ca
1868,Mệt Chưa Anh Về Đây,Hana Cẩm Tiên,Ballad
1869,Mẹ Việt Nam anh hùng,An Thuyên,Nhạc cách mạng
1870,Yêu em,Vũ Tuấn Đức,Vũ Tuấn Đức|Nhạc trữ tình
1871,Đành Vậy Thôi,Reddy,Nhạc trẻ
1872,Biết Đến Bao giờ?,Thế Thông,Thế Thông|Nhạc thánh ca
1873,Em đã quên một dòng sông,Trúc Hồ,Trúc Hồ|Nhạc trữ tình
1874,Kỷ niệm đầu xuân,Hà Phương,Bolero
1875,Nếu Còn Có Kiếp Sau,Hamlet Trương,"Nhạc Trẻ,Nhạc Trữ Tình"
1876,Ko Say Ko Về,Thái Sơn Beatbox,Pop
1877,Hoa nào không phai (Hoa nào tàn phai),Khúc Lan,
1878,Thiên Chúa Xuống Trần,Vĩnh Phúc,Nhạc thánh ca
1879,Khó tin,Tuấn Hải,Bolero
1880,Mùa sao sáng,Nguyễn Văn Đông,Trữ tình
1881,Ngày Em Đi Lấy Chồng,Hamlet Trương,"Nhạc Trẻ,Nhạc Trữ Tình"
1882,Bước Với Chúa Yêu Thương,Vĩnh Phúc,Nhạc thánh ca
1883,Hình Nhân Cỏ,Hamlet Trương,"Nhạc Trẻ,Nhạc Trữ Tình"
1884,Chỉ Có Anh Trong Tim,Khúc Lan,Bolero
1885,Hương Quê,Ngô Hồng Khanh,Ca cổ
1886,Tình khúc chiều mưa,Nguyễn Ánh 9,"Bolero, ĐQ Asia"
1887,Ta từng tồn tại,Đạt Khói,Đạt Khói|Ballad
1888,Đường trần,Giao Tiên,Bolero
1889,Yêu Ai,NB3 Hoài Bảo,Nhạc trẻ
1890,Ở rừng nhớ anh,An Thuyên,Nhạc cách mạng
1891,Những kiếp hoa xuân,Anh Bằng,Bolero
1892,Xin chúa thấu lòng con,Nguyễn Văn Đông,Thánh ca
1893,Say,Lam Phuong,Nhạc trữ tình
1894,Nhiệm Kỳ Tình Yêu,H2K,Pop
1895,Cõi Mộng Hồng Trần,Lục Hòa,Nhạc Phật
1896,Cô Gái Miền Tây,Sinike,Sinike|pop
1897,Xém Ế Rồi,Jin Tuấn Nam,Jin Tuấn Nam|pop
1898,Từ dạo xa em,Trần Thiện Thanh,Trần Thiện Thanh|Bolero
1899,Sao anh không nói,Trần Thiện Thanh,Trần Thiện Thanh|Bolero
1900,Chị thương em lắm,Nguyễn Văn Chung,Nhạc thiếu nhi
1901,Ghệ Lak,MC LongB,"Remix, Rap"
1902,Duyên tình,Y Vân|Xuân Tiên,"Bolero, ĐQ Asia"
1903,Nụ hôn giã từ,Khúc Lan,Nhạc ngoại lời Việt
1904,Huế bây chừ,Anh Bằng,
1905,Giã Từ Huyễn Mộng,Giác An,Giác An|Phật giáo
1906,Ký ức hoa đào,Diệp Vàm Cỏ,Ca cổ
1907,Lời giã biệt,Phượng Linh,Trữ tình
1908,Tượng đá và chút suy tư,Anh Bằng,Bolero
1909,Mưa Khóc,Ngân Giang,Nhạc trữ tình|Ngân Giang
1910,Người Con Gái Sợ Yêu,Hamlet Trương,"Nhạc Trẻ,Nhạc Trữ Tình"
1911,Anh Đâu Đấy,Reddy,Nhạc trẻ
1912,Phụ Duyên,Sinike,pop
1913,Con Rồng cháu Tiên,Anh Bằng,Bolero
1914,Em vẫn cô đơn,Khúc Lan,Nhạc ngoại lời Việt
1915,Nhung,Vũ Xuân Hùng,Vũ Xuân Hùng|Nhạc ngoại|Lời Việt
1916,Đời Là Như Thế,Nguyễn Hoài Anh,Pop
1917,Niềm tin,Anh Bằng,Bolero
1918,Lê Trương Huỳnh Văn (Huỳnh Văn),Huỳnh Văn,Huỳnh Văn
1919,Giấc Mơ Tình Yêu,Dương Khắc Linh,"Pop, Ballad"
1920,Rừng xưa,Lam Phương,Bolero|Lam Phương
1921,Mưa mãi trong đêm dài,Khúc Lan,Nhạc ngoại lời Việt
1922,Ôi Trời Ơi,Bùi Công Nam,Nhạc trẻ
1923,Nghe Những Tiếng Vang,TaynguyenSound,TaynguyenSound|Nhạc trẻ
1924,Sớm muộn tôi cũng về,Ngân Giang,Nhạc trữ tình|Ngân Giang
1925,Người Tình Ơi,Đỗ Hiếu,Nhạc trẻ
1926,Sai Thêm Sai,Hamlet Trương,"Nhạc Trẻ,Nhạc Trữ Tình"
1927,Lệ Tình,Đông Thiên Đức,Đông Thiên Đức|pop|Ballad
1928,Lá thư Vu Lan,Quốc Anh,Bolero
1929,Nhớ nha trang,Minh Thùy,Ca cổ
1930,Nhớ người,Khúc Lan,Nhạc ngoại lời Việt
1931,Tưởng anh quên,Ngân Giang,Ngân Giang|Nhạc trữ tình
1932,Mưa trên cuộc tình 3,Lê Quang,Nhạc trữ tình|Lê Quang|Hoàng Tuấn
1933,Lệ tình,Vũ Tuấn,Vũ Tuấn|Bolero
1934,Bé yêu,Lam Phương,Lam Phương|Bolero
1935,Crossing Field,RonOST,"J-pop, Rock"
1936,Tình là thế,Lê Minh Kha,Nhạc trữ tình|Lê Minh Kha|Hoàng Tuấn
1937,Biết anh còn yêu em không,Giao Tiên,Bolero
1938,Tình cố đô,Lam Phương,Lam Phương|Bolero
1939,Tạm Biệt,Vĩnh Phúc,Nhạc thánh ca
1940,Nhớ nhau làm gì,Tuấn Hải,Bolero
1941,Nụ Hôn Buồn,Johnny Dũng,Nhạc trữ tình
1942,Dường như em đã yêu anh,Vũ Tuấn Đức,Vũ Tuấn Đức|Nhạc trữ tình
1943,Mầu nhiệm Nước trời,Sr. Hiền Hòa,Sr. Hiền Hòa|Nhạc thánh ca
1944,Tiếng đàn bầu,Anh Bằng,Bolero
1945,Về Thăm Quê Em,BÌN,Pop
1946,Hãy chờ con,Hoàng Văn Minh,Nhạc Trữ tình
1947,Bài Ca Đêm,Bảo Chấn,Bảo Chấn|Nhạc nhẹ
1948,Ba Tuệ Giác Của Phật,Thích Nhật Từ,Nhạc phật giáo
1949,Nỗi đau ai ngờ,Đinh Tùng Huy,Đinh Tùng Huy|Ballad
1950,Ước mơ con nhỏ bé,Nguyễn Văn Chung,Nhạc thiếu nhi
1951,Cháu Xin Lỗi Chú,Jay Bach|Linh Thộn,Linh Thộn|Nhạc trẻ
1952,Mục Kiền Liên (nhạc Phật),Đỗ Kim Bảng,Nhạc vàng
1953,Muốn nói yêu anh,Anh Tài,Bolero
1954,Chiều Nghe Biển Hát,Vũ Xuân Hùng,Nhạc ngoại|Vũ Xuân Hùng|Lời Việt
1955,Anh Đừng Lo Nghĩ,Hamlet Trương,"Nhạc Trẻ,Nhạc Trữ Tình"
1956,Tình đau,Lam Phương,Bolero|Lam Phương
1957,Nhớ Mãi Ơn Thầy,Giác An,Giác An|Phật giáo
1958,Tiếc thương,Anh Bằng,Bolero
1959,Yêu Để Rồi Chia Tay,Đông Thiên Đức,pop|Ballad|Đông Thiên Đức
1960,Chuyện tình Trương Chi Mỵ nương,Mạc Phong Linh|Mai Thiết Lĩnh,Mạc Phong Linh|Mai Thiết Lĩnh|Nhạc trữ tình
1961,Anh cho em mùa xuân,Nguyễn Hiền,"Bolero, ĐQ Asia"
1962,Tim vỡ,Lam Phương,Bolero|Lam Phương
1963,Trắc Trở,Sinike,pop|Sinike
1964,Cho mẹ cho em,Trịnh Lâm Ngân,Bolero
1965,Nến hồng dâng Mẹ,Sr. Hiền Hòa,Nhạc thánh ca|Sr. Hiền Hòa
1966,Bến xưa,Ngô Hồng Khanh,Ca cổ
1967,Hôn Em Vĩnh Biệt,Vũ Xuân Hùng,Nhạc ngoại|Lời Việt|Vũ Xuân Hùng
1968,Em đi rồi,Giao Tiên,Bolero
1969,Cô Thắm đi chùa,Vinh Sử,Bolero
1970,Người tình Ichiban,Khúc Lan,Nhạc ngoại lời Việt
1971,Thết bạn,Ngô Sỹ Ngọc,Nhạc trữ tình
1972,Sóng Biển,TaynguyenSound,TaynguyenSound|Nhạc trẻ
1973,Mỗi ngày nhớ đánh răng,Nguyễn Văn Chung,Nhạc thiếu nhi
1974,Người tình trăm năm,Đức Huy,"Bolero, ĐQ Asia"
1975,Kẻ phụ tình,Trúc Sinh|Lê Đức Long,Lê Đức Long|Trúc Sinh|Nhạc trữ tình
1976,Ai bảo em là giai nhân,Anh Bằng,Bolero
1977,Nhớ em,Võ Thiện Thanh,Nhạc trữ tình|Hoàng Tuấn|Võ Thiện Thanh
1978,Danh Phận,Đông Thiên Đức,pop|Đông Thiên Đức|Ballad
1979,Áo vàng người yêu,Vinh Sử,Bolero
1980,Em bỏ miệt vườn,Vinh Sử,Bolero
1981,Trăng Tròn,Ngắn,Nhạc trẻ|Ngắn
1982,Mình Chia Tay Rồi Mà,Đông Thiên Đức,Đông Thiên Đức|pop|Ballad
1983,Giọt cà phê đầu tiên,Trần Thiện Thanh,Trần Thiện Thanh|Bolero
1984,Hạnh Phúc Dịu Dàng,Vũ Xuân Hùng,Vũ Xuân Hùng|Nhạc ngoại|Lời Việt
1985,Càng đậm sâu sẽ càng đau,ViAM,Ballad|ViAM
1986,Tím cả chiều hoang,Anh Bằng,
1987,Ngọn đèn đêm,Anh Bằng,Bolero
1988,Thầm kín (Bẽ bàng),Phượng Linh,Trữ tình
1989,Độc Huyền,Trần Trịnh,Bolero
1990,Đêm Tuyệt Vời,Trần Trịnh,Bolero
1991,Ngày xuân đến,Jin Tuấn Nam,pop|Jin Tuấn Nam
1992,Tình mãi bên nhau,Nguyễn Huy Điền,Nguyễn Huy Điền|Nhạc trữ tình
1993,Giọt mừng,Phan Ni Tấn,Nhạc trữ tình
1994,Dâng Mẹ gia đình,Sr. Hiền Hòa,Nhạc thánh ca|Sr. Hiền Hòa
1995,Biển Người Nhân Gian,Nguyễn Quốc Cường,Nhạc trẻ
1996,Một Thuở Yêu Đàn,Vĩnh Phúc,Nhạc tình ca
1997,Tự Nhiên Cái Tết,Bùi Công Nam,Nhạc trẻ
1998,Cất Giấu Ký Ức,Đỗ Hiếu,Nhạc trẻ
1999,Mưa bụi hoàng hôn,Giao Tiên,Bolero
2000,Vội Quên,Quang Mạnh,Quang Mạnh
2001,Dẫu Ta Còn Yêu,Reddy,Nhạc trẻ
2002,Giáo đường chiều chủ nhật,Anh Bằng,Bolero
2003,Đáp án của bạn,Nguyễn Duy Tùng,Nhạc Hoa
2004,Mộng ước,Lam Phương,Bolero|Lam Phương
2005,Điều Tự Nhiên Nhất,Hamlet Trương,"Nhạc Trẻ,Nhạc Trữ Tình"
2006,Một Thuở Ấu Thơ,H-Kray|Huỳnh Chương,pop|H-Kray|Huỳnh Chương
2007,Vân Long Đường,Hào JK,"Pop, Ballad"
2008,Chung mộng,Lam Phương,Lam Phương|Bolero
2009,Cô Bé Dễ Thương,Vũ Xuân Hùng,Nhạc ngoại|Lời Việt|Vũ Xuân Hùng
2010,Xuân Về,Vĩnh Phúc,Nhạc thiếu nhi
2011,Lỗi hẹn cùng Tôn Nữ,Vinh Sử,Bolero
2012,Tôn Cao Danh Chúa,Vĩnh Phúc,Nhạc thánh ca
2013,Anh Thương Em Nhất Mà,TiB,Ballad|TiB|Rap
2014,Cung buồn tháng hạ,Anh Bằng,Bolero
2015,Mững Phật Ra Đời,Giác An,Giác An|Phật giáo
2016,Em Yêu,Ưng Hoàng Phúc,Pop
2017,Yêu Đi,Anh Thi,Nhạc Trẻ
2018,Mùa hè vô tận,Khúc Lan,Nhạc ngoại lời Việt
2019,Túp lều lý tưởng,Hoàng Thi Thơ,"Bolero, ĐQ Asia"
2020,Giấc mơ ngủ quên,Jay Bach|Chị Cả,Chị Cả|Nhạc trẻ
2021,Lẻ Bóng Đường Xưa,Ngô Huỳnh,Ngô Huỳnh|Bolero
2022,Miếng cơm xứ người,Hoàng Văn Minh,Nhạc Trữ Tình
2023,Mỗi Thứ Em Thêm Vào Tình Yêu,Hamlet Trương,"Nhạc Trẻ,Nhạc Trữ Tình"
2024,Bây giờ còn yêu,Anh Bằng,Bolero
2025,Hương trầm tiến dâng,Sr. Hiền Hòa,Nhạc thánh ca|Sr. Hiền Hòa
2026,Sầu đêm thâu,Hoàng Văn Minh,Nhạc Trữ Tình
2027,Hà Tĩnh Nhớ,Phạm Tôn Tẫn,Nhạc Trữ tình quê hương
2028,Chí Phèo,Bùi Công Nam,Nhạc trẻ
2029,Cuối mùa mưa,Anh Bằng,Bolero
2030,Hai sắc hoa Tigôn,Trần Thiện Thanh,Bolero
2031,Hai mùa phượng,Anh Bằng,Bolero
2032,Chiếc lá cuối cùng,Tuấn Khanh,"Bolero, ĐQ Asia"
2033,Giấc mơ,Anh Bằng,Bolero
2034,Lý bông mai,Giao Tiên,Bolero
2035,Mùa bông so đũa,Vinh Sử,Bolero
2036,Tình Cha Nghĩa Mẹ,Nguyên Minh,Thánh ca
2037,Bánh Hằng Sống,Thế Thông,Nhạc thánh ca|Thế Thông
2038,Trong Vòng Tay Mẹ,Thế Thông,Nhạc thánh ca|Thế Thông
2039,Đau Thương Em Phải Mang,Lâm Triệu Minh,Lâm Triệu Minh
2040,Đường tình nhiều lối,Vũ Tuấn Đức,Nhạc trữ tình|Vũ Tuấn Đức
2041,Theo Em Về Phương Nam,Jin Tuấn Nam,Pop
2042,Thu hoài cảm,Nguyễn Văn Đông,Trữ tình
2043,Anh mơ về em,Vũ Tuấn Đức,Nhạc trữ tình|Vũ Tuấn Đức
2044,Cuộc tình mong manh,Lê Quốc Dũng,Nhạc trữ tình|Lê Quốc Dũng|Hoàng Tuấn
2045,Ly Hôn,Hamlet Trương,"Nhạc Trẻ,Nhạc Trữ Tình"
2046,Tiếng hát nửa đêm,Trịnh Lâm Ngân,
2047,Cà Phê Đắng Và Mưa,Lý Bông Dừa,Ca cổ
2048,Nỗi lòng thanh trúc,Trần Thiện Thanh,Trần Thiện Thanh|Bolero
2049,Kỷ niệm nào nguôi,Thanh Triết,Bolero|Thanh Triết
2050,Con tim hoang dại,Nguyễn Huy Điền,Nguyễn Huy Điền|Nhạc trữ tình
2051,Trót Vô Tình,MT Black,Nhạc trẻ
2052,Họa Hồng Nhan,Zuong Zero,Pop
2053,Cuộc Tình Bể Dâu,Trần Trịnh,Bolero
2054,Cho Hai Người Đau,Dee Trần,Nhạc trẻ
2055,Chiếc bóng công viên,Phượng Linh,Trữ tình
2056,Tạm biệt em,Lemon Climb,Lemon Climb|Ballad
2057,Nói đi anh,Vũ Tuấn Đức|Thanh Trúc,Vũ Tuấn Đức|Nhạc trữ tình|Thanh Trúc
2058,Một phút đam mê,Chế Phi,Nhạc trữ tình
2059,Nước mắt một linh hồn,Anh Bằng,Bolero
2060,Áo trắng người yêu,Nguyễn Văn Đông,Trữ tình
2061,Anh vẫn đợi em,Trúc Hồ,Nhạc trữ tình|Trúc Hồ
2062,Chúng con cảm ơn Cô,Nguyễn Văn Chung,Nhạc thiếu nhi
2063,Phản Bội,Giác An,Phật giáo|Giác An
2064,Đi từ ruộng đồng bao la,Duy Khánh,Bolero|Duy Khánh
2065,Mùa sao sáng,Khúc Lan,
2066,Con được lựa chọn,Sr. Hiền Hòa,Nhạc thánh ca|Sr. Hiền Hòa
2067,Người muốn tìm quên,Giao Tiên,Bolero
2068,Chuyến đò chiều,Trúc Phong,Bolero
2069,Nối đau người đến sau,Phong Lê,Nhạc trẻ|Phong Lê
2070,Mưa Tuyệt Vong,Johnny Dũng,Nhạc trữ tình
2071,Giấc Mơ Tuyệt Vời,Johnny Dũng,Nhạc trữ tình
2072,Ta yêu nhau,Nguyễn Huy Điền,Nguyễn Huy Điền|Nhạc trữ tình
2073,Dây Tơ Kết Đôi,Lương Gia Hùng,Pop
2074,Thương Thiệt Lòng,Quách Duy Thái (Hoon),Pop
2075,Tình cuối xót xa,Trần Quảng Nam,Nhạc trữ tình
2076,Mưa ngâu kỷ niệm,Anh Bằng,Bolero
2077,Sông dài,Hoàng Cầm|Nguyên Chi,Bolero
2078,Ngày cúi mặt,Ngọc Sơn,Ngọc Sơn|Bolero
2079,Yêu trong tiếng ca,Nguyễn Huy Điền,Nhạc trữ tình|Nguyễn Huy Điền
2080,Những gì cho em,Lam Phương,Bolero|Lam Phương
2081,Ngõ vào đời,Ngọc Sơn,Bolero|Ngọc Sơn
2082,Mai em đi,Anh Bằng,Bolero
2083,Ngàn đời chờ mong,Trịnh Lâm Ngân,Bolero
2084,Hát cho linh hồn anh,Ngân Giang,Ngân Giang|Nhạc trữ tình
2085,Dưới giàn hoa giấy,Hà Phương,Bolero
2086,Hạnh Phúc Đơn Sơ,Giao Tiên,Nhạc trữ tình
2087,Tiếng ca đêm,Anh Bằng,Bolero
2088,Em trước anh sau,Vinh Sử,Bolero
2089,Vâng Theo Chúa,Vĩnh Phúc,Nhạc thánh ca
2090,Khúc Ca Thánh Đạo,Thích Nhật Từ,Pop
2091,Lời hứa mong manh,Sỹ Đan,Nhạc trữ tình|Sỹ Đan
2092,Hôm Nay,Ngắn,Nhạc trẻ|Ngắn
2093,Xin Lỗi Anh Quá Phiền,Đỗ Hiếu|Đông Nhi,Nhạc trẻ
2094,Trăng úa sao mờ,Vũ Tuấn Đức,Nhạc trữ tình|Vũ Tuấn Đức
2095,Anh Sợ,Jin Tuấn Nam,Pop
2096,Lệnh truy nã,Đăng Minh,Ca cổ
2097,Tiếng vạc sành,Vũ Phương,Vũ Phương|Bolero
2098,Bỗng Dưng Muốn Khóc,Lý Bông Dừa,Ca cổ
2099,Phải Chăng Là Chẳng Phai,Đông Thiên Đức,Đông Thiên Đức|Ballad|pop
2100,Bắc đẩu,Trần Thiện Thanh,Trần Thiện Thanh|Bolero
2101,Nhớ quê hương,Anh Bằng,Bolero
2102,Dâng Tiến,Thế Thông,Thế Thông|Nhạc thánh ca
2103,Đường Của Bố Mày,Lộn Xộn Band,Lộn Xộn Band|Nhạc trẻ
2104,Chiều Mưa,Vĩnh Phúc,Nhạc thánh ca
2105,"Phút giây ban đầu (Ố ố ố tình, ôi tình yêu 3)",Khúc Lan,Nhạc ngoại lời Việt
2106,Đỉnh Cao Gió Hú,Trần Trịnh,Bolero
2107,Mãi Mãi Về Sau,Dương Khắc Linh,"Pop, Ballad"
2108,Nghe Này Ai Ơi,Bùi Công Nam,Nhạc trẻ
2109,Tình đầu dang dở,Thùy Linh,Trữ tình
2110,Thương muộn,Phượng Linh,Trữ tình
2111,Đứng Cạnh Nỗi Đau,Đông Thiên Đức,pop|Ballad|Đông Thiên Đức
2112,Ngài Vẫn Thứ Tha,Thế Thông,Thế Thông|Nhạc thánh ca
2113,Xa Nhau Hạnh Phúc,Vũ Xuân Hùng,Vũ Xuân Hùng|Nhạc ngoại|Lời Việt
2114,Chúa là cùng đích đời con,Sr. Hiền Hòa,Sr. Hiền Hòa|Nhạc thánh ca
2115,Lời Nói Yêu Đầu Tiên,Vũ Tuấn Đức,Vũ Tuấn Đức|Nhạc trữ tình
2116,Điều Anh Muốn Nói,Reddy,Nhạc trẻ
2117,Tiếng Hát Nửa Vời,Trần Trịnh,Bolero
2118,Về Bình Dương,Huỳnh Thanh Hiền,Trữ Tình
2119,Trầm Hương Dâng Mẹ,Thế Thông,Nhạc thánh ca|Thế Thông
2120,Em Ở Nơi Đâu,Ngắn,Ngắn|Nhạc trẻ
2121,Theo Dấu Chân Em,Dương Khắc Linh,"Pop, Ballad"
2122,Lời hát cho quê hương,Bằng Giang,Bolero
2123,Mảnh vỡ tình sầu,Phạm Minh Hùng,Bolero|Phạm Minh Hùng
2124,Trái tim hóa đá,Giao Tiên,Bolero
2125,Luật Cho Người Thay Thế,Hamlet Trương,"Nhạc Trẻ,Nhạc Trữ Tình"
2126,Hold Me Tonight,Đỗ Hiếu,Nhạc trẻ
2127,Có một người ở lại,Phong Lê,Nhạc trẻ|Phong Lê
2128,Chờ,Lam Phương,Bolero|Lam Phương
2129,Vẫn Mãi Yêu Em,Johnny Dũng,Nhạc trữ tình
2130,Sẽ Không Quay Về,Đỗ Hiếu,Nhạc trẻ
2131,Hỏi Vợ Ngoại Thành 2,Giao Tiên,Nhạc trữ tình
2132,Lá đa thần kỳ,Nguyễn Văn Chung,Nhạc thiếu nhi
2133,Thế là hết,Ngân Giang,Ngân Giang|Nhạc trữ tình
2134,Mỗi tuần một quyển sách,Nguyễn Văn Chung,Nhạc thiếu nhi
2135,Tình Mãi Ngu Ngơ,Anh Tài,Bolero
2136,Gặp Nhau Trên Đường Tu,Hamlet Trương,"Nhạc Trẻ,Nhạc Trữ Tình"
2137,Xa,Lam Phương,Bolero|Lam Phương
2138,Sao Chúa đành im lặng,Sr. Hiền Hòa,Sr. Hiền Hòa|Nhạc thánh ca
2139,Vì Đâu Lại Thế,Reddy,Nhạc trẻ
2140,Gót chinh nhân,Anh Bằng,Bolero
2141,Cô giáo trẻ,Vinh Sử,Bolero
2142,Ly rượu tương phùng,Quốc Anh,Bolero
2143,Đã qua thời mong chờ,Trúc Hồ,Trúc Hồ|Nhạc trữ tình
2144,Một ngày thật buồn,Anh Bằng,Bolero
2145,Lời con nguyện cầu,Danh Mã Phi Hùng,Nhạc Thánh Ca
2146,Tình yêu đam mê,Nguyễn Ngọc Thiện,Nhạc trữ tình|Hoàng Tuấn|Nguyễn Ngọc Thiện
2147,Trương chi mỵ nương,Đăng Minh,Ca cổ
2148,Bằng lăng tím,Ngô Sỹ Ngọc,Nhạc trữ tình
2149,Thương đời hoa,Giao Tiên,Bolero
2150,Tình Chúa Thương Tôi,Thế Thông,Thế Thông|Nhạc thánh ca
2151,Mừng Ngày Cưới,Vĩnh Phúc,Nhạc hôn lễ
2152,Gửi niềm thương về Huế,Tuấn Hải,Bolero
2153,Bạch Tuyết và bảy chú lùn,Giao Tiên,Bolero
2154,Nhớ Sài Gòn,Anh Bằng,Bolero
2155,Để Dành Nước Mắt,Hamlet Trương,"Nhạc Trẻ,Nhạc Trữ Tình"
2156,Anh không còn yêu em,Vũ Xuân Hùng,"Nhạc ngoại, Lời Việt"
2157,Mẹ Hằng Cứu Giúp,Thế Thông,Nhạc thánh ca|Thế Thông
2158,Sinh Nhật Mẹ 2,Thế Thông,Nhạc thánh ca|Thế Thông
2159,Bóng đêm,Anh Bằng,Bolero
2160,Đêm thánh huy hoàng,Nguyễn Văn Đông,Giáng sinh
2161,Ngán ngẩm tình đời,Viên Nghiệp,Bolero|Viên Nghiệp
2162,Khúc hát ân tình,Xuân Tiên,"Bolero, ĐQ Asia"
2163,Tìm dấu yêu xưa,Lê Quang,Lê Quang|Hoàng Tuấn|Nhạc trữ tình
2164,Tình đơn phương 2,Minh Tâm,Nhạc trữ tình|Hoàng Tuấn|Minh Tâm
2165,Bảng chữ cái,Nguyễn Văn Chung,Nhạc thiếu nhi
2166,Thua Người Đến Sau,Hồ Quang Huy,Pop
2167,Anh Vẫn Yêu,Đông Thiên Đức,Ballad|pop|Đông Thiên Đức
2168,Tình Bậu Muốn Thôi,Đông Phương Tường,Bolero
2169,Hà Nội và em,Vinh Sử,Bolero
2170,Hoa Nắng,Trần Trịnh,Bolero
2171,Tôi không còn yêu em,Vũ Tuấn Đức,Nhạc trữ tình|Vũ Tuấn Đức
2172,Mưa bay trong đời,Anh Bằng,Bolero
2173,Giọt lệ người tình,Vinh Sử,Bolero
2174,Nhớ Hà Nội,Anh Bằng,Bolero
2175,Vinh Quang Thuộc Chúa,Vĩnh Phúc,Nhạc thánh ca
2176,Quán cà phê vắng,Vũ Tuấn Đức,Vũ Tuấn Đức|Nhạc trữ tình
2177,Trai nghèo,Hoàng Văn Minh,Nhạc Trữ Tình
2178,Mãi Không Rời Xa,Đỗ Hiếu,Nhạc trẻ
2179,Xóa tên người tình,Vinh Sử,Bolero
2180,Những mùa thu qua trên cuộc tình tôi,Trường Sa,Nhạc trữ tình|Trường Sa
2181,Xin cảm ơn đời,Nhật Thu,Nhật Thu|Nhạc trữ tình
2182,Vấp ngã là bình thường,Nguyễn Văn Chung,Nhạc thiếu nhi
2183,Xuân Về Con Cũng Về,Hamlet Trương,"Nhạc Trẻ,Nhạc Trữ Tình"
2184,Tình mãi không phai,Hoàng Nhạc Đô,Nhạc trữ tình|Hoàng Nhạc Đô
2185,Dừng Chân Đứng Lại,TaynguyenSound,TaynguyenSound|Nhạc trẻ
2186,Sao Cứ Phải Là Anh,Đông Thiên Đức,pop|Đông Thiên Đức|Ballad
2187,Ngủ đi con,Nguyễn Văn Chung,Nhạc thiếu nhi
2188,Hãy Cho Nhau Thời Gian,Hamlet Trương,"Nhạc Trẻ,Nhạc Trữ Tình"
2189,Nếu Đánh Mất Em,Reddy,Nhạc trẻ
2190,Mẹ Ơi Đừng Bỏ Con,Dương Khắc Linh,"Pop, Ballad"
2191,Đất nước,Phan Ni Tấn,Nhạc trữ tình
2192,Ru em vào mộng,Giao Tiên,Bolero
2193,Giọt Sương Nắng,Nam Đức,Nhạc trẻ|Nam Duc
2194,Em có còn yêu anh,Trúc Hồ,Nhạc trữ tình|Trúc Hồ
2195,Ngày em sang ngang( Ngày em sang sông),Bằng Giang,Bolero
2196,Tình đẹp,Anh Bằng,Bolero
2197,Nữ Công Nhân,Trường Lê,Pop
2198,3 năm lính,Thái Ngọc Sơn,Bolero
2199,Ngại Gì Không Đi,Bùi Công Nam,Nhạc trẻ
2200,Nỗi nhớ,Lam Phương,Lam Phương|Bolero
2201,Mưa tháng 4,Kim Kim Gà,Kim Kim Gà|Ballad
2202,Giã biệt trương xưa,Vinh Sử,Bolero
2203,Sầu viễn xứ,Lam Phương,Lam Phương|Bolero
2204,Ký Ức Một Thời,N2L,"POP,Ballad"
2205,Anh đã biết,Lam Phương,Bolero|Lam Phương
2206,One More Chance,Nguyễn Huy Điền,Nguyễn Huy Điền|Nhạc trữ tình
2207,Tôi Phi Thường,Bùi Công Nam,Nhạc trẻ
2208,Kẻ si tình,Lê Minh Kha,Hoàng Tuấn|Nhạc trữ tình|Lê Minh Kha
2209,Xa nhau từ đó,Bằng Giang,Bolero
2210,Mùa hoa phượng,Lam Phương,Lam Phương|Bolero
2211,Nhớ,Anh Bằng,Bolero
2212,Đón xuân,Phạm Đình Chương,"Bolero, ĐQ Asia"
2213,Gu Em Là Nam Á,Bùi Công Nam,Nhạc trẻ
2214,Đêm vắng nhớ mẹ,Phạm Hưng,Bolero|Phạm Hưng
2215,Con cò quên mẹ,Nguyễn Lê Việt Hùng,Nhạc trữ tình|Nguyễn Lê Việt Hùng
2216,Người yêu ơi giã từ,Khúc Lan,Nhạc ngoại lời Việt
2217,Khóc Bằng Nụ Cười,Jin Tuấn Nam,"Pop, Ballad"
2218,Tết Về Ra Mắt,Hoàng Văn Minh,Nhạc Trữ Tình
2219,Tia Nắng Đời Anh,Jin Tuấn Nam,Pop
2220,Bẽ bàng,Anh Bằng,Bolero
2221,Tâm Tư Trong Mưa,Hamlet Trương,"Nhạc Trẻ,Nhạc Trữ Tình"
2222,Vui Tết Miệt Vườn,Lý Bông Dừa,Ca cổ
2223,Chú Đại Bi,Masew,Masew|pop
2224,Vì đâu,Anh Bằng,Bolero
2225,Em sẽ là cô giáo,Nguyễn Văn Chung,Nhạc thiếu nhi
2226,Ơn Chúa Lòng Ghi Sâu,Vĩnh Phúc,Nhạc thánh ca
2227,Người Em Cưới Không Phải Anh,Đông Thiên Đức,Ballad|pop|Đông Thiên Đức
2228,Đắng cay nửa đời,Ngọc Sơn,Ngọc Sơn|Bolero
2229,Sao em không đến,Anh Bằng,Anh Bằng|Trần Ngọc Sơn|Sỹ Đan|Nhạc trữ tình
2230,Bình Minh,Vĩnh Phúc,Nhạc thánh ca
2231,Cho tôi,Ngân Giang,Nhạc trữ tình|Ngân Giang
2232,Lemon Tree (Màu Vàng Chanh),Johnny Dũng,Nhạc trữ tình
2233,Yêu Một Người Khó Lắm,Hamlet Trương,"Nhạc Trẻ,Nhạc Trữ Tình"
2234,Loạn Nhịp,Danie Thanh Bình,Danie Thanh Bình
2235,Ngưỡng cửa trần âm,Chế Phi,Nhạc trữ tình
2236,Niềm Vui,Vĩnh Phúc,Nhạc thánh ca
2237,Đời hoang,Viên Nghiệp,Bolero|Viên Nghiệp
2238,Nửa đời gian khổ,Lam Phương,Lam Phương|Bolero
2239,Ghét Anh Không,Quách Duy Thái (Hoon)|Nguyễn Cường Thịnh (Jombie),Pop
2240,Đôi Mươi,Trần Trịnh,Bolero
2241,Quảng Bình yêu thương,Ngô Sỹ Ngọc,Nhạc trữ tình
2242,Tình cô gánh hàng rong,Ngân Giang,Ngân Giang|Nhạc trữ tình
2243,Xin Em Gõ Ba Tiếng,Vũ Xuân Hùng,Nhạc ngoại|Lời Việt|Vũ Xuân Hùng
2244,Yêu,Trần Thiện Thanh,Bolero|Trần Thiện Thanh
2245,Du xuân,An Thuyên,Dân ca
2246,Mỗi Thứ Anh Thêm Vào Tình Yêu,Hamlet Trương,"Nhạc Trẻ,Nhạc Trữ Tình"
2247,Giọt mưa cuối cùng,Khúc Lan,Nhạc ngoại lời Việt
2248,Ước hẹn,Giao Tiên,Bolero
2249,Vậy Coi Được Không,Bùi Công Nam,Nhạc trẻ
2250,Gọi cố nhân,Vinh Sử,Bolero
2251,Ngược Lối Đôi Ta,H2K|Bình Kay,Pop
2252,Tôi hẹn ngày mai,Anh Bằng,Bolero
2253,Tình Yêu Mài Mòn Thành Cô Đơn,Nguyễn Quốc Cường,Nhạc trẻ
2254,Tay Trong Tay,Vĩnh Phúc,Nhạc thánh ca
2255,Nụ hôn đầu,Ngô Sỹ Ngọc,Nhạc trữ tình
2256,Từ nửa vòng trái đất,Trần Thiện Thanh,Trần Thiện Thanh|Bolero
2257,Em đi làm tín dụng,Nguyễn Văn Tý,Nhạc trữ tình
2258,Bài học lễ phép,Nguyễn Văn Chung,Nhạc thiếu nhi
2259,Con sáo Rạch Giá,Phan Ni Tấn,Nhạc trữ tình
2260,Kinh Lạy Cha,Vũ Tuấn Đức,Vũ Tuấn Đức|Nhạc trữ tình
2261,Sẽ Có Nhiều Khi,Jay Bach|Hưng Cao,Hưng Cao|Nhạc trẻ
2262,Một Mình Vẫn Ổn,Đông Thiên Đức,pop|Ballad|Đông Thiên Đức
2263,Người nuôi hy vọng,Ngân Giang,Nhạc trữ tình|Ngân Giang
2264,Về Hải Dương quê anh,Ngô Sỹ Ngọc,Nhạc trữ tình
2265,Điện Máy Xanh,Dương Khắc Linh,"Pop, Ballad"
2266,Trái tim chung tình,Giao Tiên,Bolero
2267,Mai em theo chồng,Vinh Sử,Bolero
2268,Anh Là,H2K,Pop
2269,Buồn trong đêm mưa,Khúc Lan,Nhạc ngoại lời Việt
2270,Love You In Silence,Dương Khắc Linh,"Pop, Ballad"
2271,Không Phải Lưu Manh,Đỗ Hiếu|Melyd K|Đào Anh,Hiphop / Rnb / Pop / Chill / Rap
2272,Con Đi Nhé,Bùi Công Nam,Nhạc trẻ
2273,Nhớ Mẹ,Thế Thông,Thế Thông|Nhạc thánh ca
2274,Màu mũ anh màu áo em,Trần Thiện Thanh,Bolero|Trần Thiện Thanh
2275,Em Có Chắc?,Lộn Xộn Band,Nhạc trẻ|Lộn Xộn Band
2276,Đường khuya,Hà Phương,
2277,Bâng Khuâng Nỗi Nhớ,Đỗ Anh Tuấn,Nhạc Trữ Tình
2278,Em Là Kẻ Thừa,Đạt Khói,Pop
2279,Tình cũ chưa quên,Vinh Sử,Bolero
2280,Mẹ Em Không Thích Anh,Zuong Zero,Pop
2281,Buồn như đá thời gian,Lê Quang,Lê Quang|Nhạc trữ tình|Hoàng Tuấn
2282,Rừng xanh thương nhớ,Lam Phương,Lam Phương|Bolero
2283,Môi ô mai,Trúc Hồ,Nhạc trữ tình|Trúc Hồ
2284,Days and nights I'm missing you,Trúc Hồ|Shaya,Nhạc trữ tình|Shayla|Trúc Hồ
2285,Như Giấc Mơ Dài,Bùi Công Nam,Nhạc trẻ
2286,Bàn Tay Em,Vĩnh Phúc,Nhạc thiếu nhi
2287,Thiên Địa,Nal,Nhạc trẻ
2288,Tình lẻ loi,Anh Bằng,Bolero
2289,Yêu em đến muôn ngàn kiếp,Nguyễn Huy Điền,Nhạc trữ tình|Nguyễn Huy Điền
2290,Đời có tiền sẽ như tiên,Danh Mã Phi Hùng,Nhạc Trữ Tình
2291,Đừng quên em,Tuấn Hải,Bolero
2292,Bến quê,Hà Phương,Bolero
2293,Khách Không Mời,Đông Thiên Đức,Đông Thiên Đức|Ballad|pop
2294,Lời Chúa,Thế Thông,Nhạc thánh ca|Thế Thông
2295,Bến đò xưa,Minh Thùy,Ca cổ
2296,Niệm Phật,Giác An,Phật giáo|Giác An
2297,Ba Chúng Ta,Đỗ Hiếu,Nhạc trẻ
2298,Bên dòng sông Trẹm,Phan Ni Tấn,Nhạc trữ tình
2299,Dâng lời tạ ơn,Sr. Hiền Hòa,Nhạc thánh ca|Sr. Hiền Hòa
2300,Thà khóc lên cho nhẹ lòng,Tài Nguyễn,Tài Nguyễn|Ballad
2301,Cánh bướm trong mưa,Nguyễn Duy Tùng,Nhạc Hoa
2302,Tơ sầu,Khúc Lan,Nhạc ngoại lời Việt
2303,Mẹ Quan Âm,Hamlet Trương,"Nhạc Trẻ,Nhạc Trữ Tình"
2304,Chìa khóa tình yêu,Khúc Lan,Nhạc ngoại lời Việt
2305,Phận má hồng,Y Vân,"Bolero, ĐQ Asia"
2306,Tiễn người đi,Lam Phương,Bolero|Lam Phương
2307,Một Năm,Đông Thiên Đức,Ballad|Đông Thiên Đức|pop
2308,Lấy Trai Miền Tây,Jin Tuấn Nam,pop|Jin Tuấn Nam
2309,Kinh hạnh phúc,Anh Bằng,Bolero
2310,Pink Girl,Đỗ Hiếu|Huỳnh Quốc Huy,Nhạc trẻ
2311,Tình quê,Phan Ni Tấn,Nhạc trữ tình
2312,Đỉnh gió hú,Trúc Hồ,Trúc Hồ|Nhạc trữ tình
2313,Thăm mộ mẹ,Anh Bằng,
2314,Đêm Thánh,Vĩnh Phúc,Nhạc thánh ca
2315,Yêu dấu xa vời,Khúc Lan,Nhạc ngoại lời Việt
2316,Người xa người,Trần Thiện Thanh,Bolero|Trần Thiện Thanh
2317,Bài Ca Hiệp Nhất,Thế Thông,Thế Thông|Nhạc thánh ca
2318,Bất nhiễm,Nguyễn Duy Tùng,Nhạc Hoa
2319,Hẹn Em Ở Một Cuộc Đời Khác,Mr.B,Ballad|Great Entertainment
2320,Mong Thế Giới Luôn Dịu Dàng Với Em,One Music,One Music|Ballad|pop
2321,Đây thôn Vĩ Dạ,Vinh Sử,Bolero
2322,Phủ Kín,H-Kray,Pop
2323,Mùa Hè Tình Yêu,Trúc Hồ,Nhạc trữ tình
2324,Bội Tình,Ngô Huỳnh,Bolero|Ngô Huỳnh
2325,Giòng lệ,Lam Phương,Bolero|Lam Phương
2326,Giọt lệ đài trang,Châu Kỳ,"Bolero, ĐQ Asia"
2327,Tình đầu vẫn khó phai,Trúc Hồ|Đặng Hiền,Trúc Hồ|Nhạc trữ tình|Đặng Hiền
2328,This Is My Destiny,Dương Khắc Linh,"Pop, Ballad"
2329,Yêu thầm,Chế Phi,Nhạc trữ tình
2330,Chẳng Hiểu Vì Sao,Ngắn,Ngắn|Nhạc trẻ
2331,Nói với con,Diệp Vàm Cỏ,Ca cổ
2332,Ánh trăng tàn,Minh Khang,Nhạc trữ tình|Minh Khang|Hoàng Tuấn
2333,Phai Mờ,NB3 Hoài Bảo,Nhạc trẻ
2334,Chia xa,Đăng Minh,Ca cổ
2335,Bé vui Noel,Nguyễn Văn Chung,Nhạc thiếu nhi
2336,Cánh diều kỷ niệm,Hoàng Phương,Bolero
2337,Chắc không bao giờ,Vinh Sử,Bolero
2338,Em Ngủ Chưa Ngày Mai Có Nghe Tin Nhắn Này Không,Hamlet Trương,"Nhạc Trẻ,Nhạc Trữ Tình"
2339,A brilliant journey (L1TCT Funky Rap Version),Trịnh Trần Phương Tuấn (Jack),Nhạc trẻ|Trịnh Trần Phương Tuấn (Jack)
2340,Anh Vẫn Yêu Em,Đông Thiên Đức,Ballad|Đông Thiên Đức|pop
2341,Muộn màng,Chu Minh Ký,Nhạc trữ tình|Chu Minh Ký|Hoàng Tuấn
2342,Soup Tình Yêu,Hamlet Trương,"Nhạc Trẻ,Nhạc Trữ Tình"
2343,Nơi Ánh Sáng Quay Về,Hamlet Trương,"Nhạc Trẻ,Nhạc Trữ Tình"
2344,Tình hồng Paris,Lam Phương,Bolero|Lam Phương
2345,Người đẹp Bình Dương,Vinh Sử,Bolero
2346,Biển ru niềm nhớ,Khúc Lan,Nhạc ngoại lời Việt
2347,Đừng Như Anh,Hamlet Trương,"Nhạc Trẻ,Nhạc Trữ Tình"
2348,Ăn Tết Miền Tây,Trường Lê,Trường Lê|pop
2349,Như em,Anh Bằng,Bolero
2350,Con yêu mẹ,Ngô Sỹ Ngọc,Nhạc trữ tình
2351,Mắt lệ qua thời gian,Ngọc Sơn,Bolero|Ngọc Sơn
2352,Bàn Tay Mang Dấu Đinh,Vĩnh Phúc,Nhạc thánh ca
2353,Dâng Chúa đời hôn nhân,Sr. Hiền Hòa,Sr. Hiền Hòa|Nhạc thánh ca
2354,Cơn Bão Ngày Xưa,Lý Bông Dừa,Ca cổ
2355,Nợ Duyên,Ngô Sỹ Ngọc,Nhạc trữ tình
2356,Sống Đúng Chất,Dương Khắc Linh,"Pop, Ballad"
2357,Xuân Vạn Niên,Đông Thiên Đức,pop|Ballad|Đông Thiên Đức
2358,We are the future,Dương Khắc Linh,"Pop, Balld"
2359,Bỏ phố Đà Lạt,Anh Bằng,Bolero
2360,Bến sông buồn,Vũ Phương,Vũ Phương|Bolero
2361,Như Là Mơ,Dương Khắc Linh,"Pop, Ballad"
2362,Dù cho hoa tàn úa,Khúc Lan,Nhạc ngoại lời Việt
2363,Khi Anh Ra Đi,Anh Thi,Funk
2364,Thương người em phổ nhỏ,Hàn Châu|Thanh Phương,Hàn Châu|Bolero|Thanh Phương
2365,Nói với em,Nhật Hoàng,Nhạc trẻ|Nhật Hoàng
2366,Người mang vĩnh biệt,Vinh Sử,Bolero
2367,Vì Tạm Biệt Là Từ Buồn Nhất,Hamlet Trương,"Nhạc Trẻ,Nhạc Trữ Tình"
2368,Muộn màng,Sỹ Đan,Nhạc trữ tình|Sỹ Đan
2369,Bài ca ngày vu quy,Bằng Giang,Bolero
2370,Mưa rừng,Huỳnh Anh,"Bolero, ĐQ Asia"
2371,Mùi hương dạ lý,Hoàng Phương,Bolero
2372,Yêu Một Người Không Quen,Hamlet Trương,"Nhạc Trẻ,Nhạc Trữ Tình"
2373,Anh Vội Sang Trang,Lương Gia Hùng,Pop
2374,Không Còn Cảm Giác,Nguyễn Quốc Cường,Nhạc trẻ
2375,Lấy Chồng Việt Kiều,Kaydee,Pop
2376,Cơn Mưa Phùn Đêm Xuân,Nguyễn Quốc Cường,Nhạc trẻ
2377,Lời mẹ nhắn nhủ,Lm Huyền Linh,"Bolero, ĐQ Asia"
2378,Ánh trăng tan,Anh Bằng,Bolero
2379,Nhớ Mãi Ơn Thầy,Giác An,Phật giáo|Giác An
2380,Giấu đi giọt nước mắt,Nguyễn Huy Điền,Nhạc trữ tình|Nguyễn Huy Điền
2381,Tàn thu,Lam Phương,Bolero|Lam Phương
2382,Giã Từ Covid,Thích Nhật Từ,Nhạc phật giáo
2383,Tưởng Rằng Đã Quên,Nguyễn Quốc Cường,Nhạc trẻ
2384,Trả em cay đắng mộng vàng,Anh Bằng,Bolero
2385,Tiếng Hát Nửa Vời,Trần Trịnh,Bolero
2386,Mỗi độ trăng về,Trúc Hồ,Nhạc trữ tình|Trúc Hồ
2387,Buồn đến bao giờ,Anh Bằng,Bolero
2388,Chuyện Tình Không Suy Tư,Tâm Anh,"Bolero, ĐQ Asia"
2389,Bài thơ không đoạn kết,Lam Phương,Bolero|Lam Phương
2390,Thực tế tình tiền,Vũ Tuấn,Vũ Tuấn|Bolero
2391,Xin cho con được thấy,Sr. Hiền Hòa,Sr. Hiền Hòa|Nhạc thánh ca
2392,Sài Gòn Cố Gắng Lên,Dee Trần|Tuno,"Pop, Afro"
2393,Em Về Làm Dâu,Lương Gia Hùng,Pop
2394,Viết cho cuộc tình xa,Phạm Hưng,Phạm Hưng|Bolero
2395,Bằng Lăng Nở Hoa,Nguyễn Văn Dĩ Khang (Anh Rồng),Pop
2396,Anh Không Theo Đuổi Em Nữa,Bùi Công Nam,Nhạc trẻ
2397,Tell Ur Mom II ( Remake),Winno|Heily|Hiderway|Gii,Rap
2398,Phải Chăng Em Đã Yêu,Dương Khắc Linh,"Pop, Ballad"
2399,Trả lại em dòng sông,Phan Phúc Thao,Nhạc trữ tình
2400,Chiều sông Thương (thơ Hữu Thỉnh),An Thuyên,Dân ca
2401,Hoa mẫu đơn,Anh Bằng,Bolero
2402,Nhạc rừng khuya,Lam Phương,Lam Phương|Bolero
2403,Mây chiều,Phượng Linh,Trữ tình
2404,Hoa Tím Mười Giờ,Hamlet Trương,"Nhạc Trẻ,Nhạc Trữ Tình"
2405,UFO,TaynguyenSound,Nhạc trẻ|TaynguyenSound
2406,Nói Yêu Thương Chỉ Là Thừa,Dee Trần,Nhạc trẻ
2407,Xóa Hết Đi,Trần Đăng Quang,Trần Đăng Quang|Nhạc trẻ
2408,Dâng Mẹ ngàn hoa,Sr. Hiền Hòa,Sr. Hiền Hòa|Nhạc thánh ca
2409,Có Không Giữ Mất Đừng Tìm,Bùi Công Nam,Nhạc trẻ
2410,Một lần vẫy tay chào,Vinh Sử,Bolero
2411,Cuộc tình lỡ,Khúc Lan,Nhạc ngoại lời Việt
2412,Không xả rác,Đông Phương Tường,Nhạc thiếu nhi
2413,Thôi Quên Đi,Đỗ Hiếu,Nhạc trẻ
2414,Một lần trong đời,Duy Khánh,Duy Khánh|Bolero
2415,Em Làm Du Xứ Nghệ,Ngô Sỹ Ngọc,Nhạc trữ tình
2416,Chuyện tình liêu trai,Vinh Sử,Bolero
2417,Ngày em không đến,Nguyễn Huy Điền,Nguyễn Huy Điền|Nhạc trữ tình
2418,Câu chuyện giận hờn,Sỹ Đan,Sỹ Đan|Nhạc trữ tình
2419,Có Thể Bên Cạnh Nhau,DGRADE,Nhạc trẻ
2420,Tết Mới Trong Tim Mình,Dương Khắc Linh,"Pop, Ballad"
2421,Kiếp đam mê,Duy Quang,"Bolero, ĐQ Asia"
2422,Nghe Nói Anh Thích Em,Đỗ Phương Tường,Nhạc trẻ
2423,Việt Nam ngày mới,Ngân Giang,Ngân Giang|Nhạc trữ tình
2424,Con Rối Của Em,Đỗ Hiếu,Nhạc trẻ
2425,Gửi người ngàn dặm,Lam Phương,Lam Phương|Bolero
2426,Phương Xa Nhớ Mẹ,Giác An,Phật giáo|Giác An
2427,Chuyện tình người lính trẻ,Anh Bằng,Bolero
2428,Trái tim về đâu,Trúc Hồ,Nhạc trữ tình|Trúc Hồ
2429,Cô Thắm về quê hương,Vinh Sử,Bolero
2430,Nón Bài Thơ,Trần Trịnh,Bolero
2431,Tết Là Phải Đi Về Nhà,Khánh Đơn,Pop
2432,Chúc Mừng Sinh Nhật,Vĩnh Phúc,Nhạc thánh ca
2433,Tình mùa hoa phượng,Hà Phương,Bolero
2434,Thương Anh Quá Trời,Jin Tuấn Nam,Pop
2435,Đâu Ai Một Đời Yêu Ai,Đông Thiên Đức,Đông Thiên Đức|Ballad|pop
2436,Con trai thời nay,Giao Tiên,Bolero
2437,Chuyện mây mưa (Chuyện mưa mây),Tú Nhi|Anh Việt Thanh,Tú Nhi|Bolero|Anh Việt Thanh
2438,Tạo nên MẦM SỐNG MỚI,RonOST,"Pop rock, J-pop"
2439,Đêm tình yêu,Lê Quang,Lê Quang|Hoàng Tuấn|Nhạc trữ tình
2440,Em Không Muốn Nghi Ngờ,Đỗ Hiếu|Max Vol,Nhạc trẻ
2441,Nước Mắt,Hamlet Trương,"Nhạc Trẻ,Nhạc Trữ Tình"
2442,Chúng Ta Đã Đi Quá Xa,Hamlet Trương,"Nhạc Trẻ,Nhạc Trữ Tình"
2443,Trong cuộc tình ân hận,Trúc Hồ|Đặng Hiền,Nhạc trữ tình|Đặng Hiền|Trúc Hồ
2444,Anh Vẫn Không,Đông Thiên Đức,pop|Ballad|Đông Thiên Đức
2445,Hiến Chương Yêu,Trúc Hồ,Trúc Hồ|Nhạc trữ tình
2446,Má hồng DaLat,Giao Tiên,
2447,Giã từ bóng tối,Khúc Lan,Nhạc ngoại lời Việt
2448,Khúc giao mùa,Giao Tiên,Bolero
2449,Chắc cô ta đâu biết,DC Tâm,DC Tâm|Ballad
2450,Lạy Mẹ La Vang,Thế Thông,Nhạc thánh ca|Thế Thông
2451,Dấu tình sầu,Ngô Thụy Miên,"Bolero, ĐQ Asia"
2452,Bước Không Em,Đông Thiên Đức,Ballad|pop|Đông Thiên Đức
2453,Hương Lòng Dâng Mẹ,Thế Thông,Thế Thông|Nhạc thánh ca
2454,Hôm Nay Con Bận Rồi,Bùi Công Nam,Nhạc trẻ
2455,Đứa Con Hoang Đàng,Phạm Tôn Tẫn,Nhạc Thánh Ca
2456,Chợt Yêu,Đông Thiên Đức,pop|Ballad|Đông Thiên Đức
2457,Café Xì Teen,Đông Phương Tường,Bolero
2458,Không 2,Nguyễn Ánh 9,"Bolero, ĐQ Asia"
2459,Tình đau ngàn nỗi,Trần Thiện Thanh,Bolero|Trần Thiện Thanh
2460,Đi Về Phía Mưa,Hamlet Trương,"Nhạc Trẻ,Nhạc Trữ Tình"
2461,Con đường buồn chung thân,Trần Thiện Thanh,Bolero|Trần Thiện Thanh
2462,Anh Vẫn Mơ,Nguyễn Quang Hưng,Pop
2463,Bài Ca Mlem,Jay Bach|O Buồn,Nhạc trẻ|O Buồn
2464,Tết Hết Ga,Hào JK,"Pop, Ballad"
2465,Trái tim phục sinh,Vinh Sử,Bolero
2466,Dòng máu Việt Nam,Nguyễn Huy Điền,Nhạc trữ tình|Nguyễn Huy Điền
2467,Buồn thời gian,Giao Tiên,Bolero
2468,Đừng buồn phiền,Nguyễn Văn Chung,Nhạc thiếu nhi
2469,Giây phút tạ từ,Trần Thiện Thanh,Bolero|Trần Thiện Thanh
2470,Thu đến bao giờ,Lam Phương,Lam Phương|Bolero
2471,Về Đâu Để Thấy Em,NB3 Hoài Bảo,Nhạc trẻ
2472,Kinh Ngợi Khen 1,Thế Thông,Thế Thông|Nhạc thánh ca
2473,Phận Mồ Côi,Lý Bông Dừa,Ca cổ
2474,Khi xa em,Nguyễn Huy Điền,Nguyễn Huy Điền|Nhạc trữ tình
2475,Nét đẹp thiên thần,Anh Bằng,Bolero
2476,Dù sao đi nữa,Vũ Tuấn,Bolero|Vũ Tuấn
2477,Tống biệt Hành,Diệp Vàm Cỏ,Ca cổ
2478,Hãy Yêu Thương Nhau,Vĩnh Phúc,Nhạc thánh ca
2479,Nước mắt và kỷ niệm,Ngân Giang,Nhạc trữ tình|Ngân Giang
2480,Xem Như Tôi Từng Cưới Được Cô Ây,Hamlet Trương,"Nhạc Trẻ,Nhạc Trữ Tình"
2481,Ngày Xưa Yêu Dấu,Vũ Xuân Hùng,Vũ Xuân Hùng|Nhạc ngoại|Lời Việt
2482,Một đời nhớ anh,Thanh Tuyền,Nhạc trữ tình
2483,Cuốn Theo Dòng Đời,Vũ Xuân Hùng,Vũ Xuân Hùng|Lời Việt|Nhạc ngoại
2484,Em không xứng đáng,Nguyễn Lê Việt Hùng,Nhạc trẻ|Nguyễn Lê Việt Hùng
2485,Con Gà Điều,Đông Phương Tường,Bolero
2486,Đêm trắng,Ngọc Sơn,Bolero|Ngọc Sơn
2487,Trà hoa nữ,Trần Thiện Thanh,Trần Thiện Thanh|Bolero
2488,Cuối tuần bên anh,Vũ Tuấn Đức,Nhạc trữ tình|Vũ Tuấn Đức
2489,Mực tím,Hoàng Cầm|Nguyên Chi,Bolero
2490,Yêu Đi Rồi Khóc,Hamlet Trương,"Nhạc Trẻ,Nhạc Trữ Tình"
2491,Trái Tim Thôi Hết Cô Đơn (Kiếp Ve Sầu),Johnny Dũng,Nhạc trữ tình
2492,Vết Sầu,Anh Thi,Nhạc Trẻ
2493,Người Thứ Ba,Trần Đăng Quang,Nhạc trẻ|Trần Đăng Quang
2494,Một Mình,Giao Tiên,Nhạc trữ tình
2495,Men đắng cuộc tình,Vũ Phương,Vũ Phương|Bolero
2496,Một Ngày Nào Cho Tôi Gặp Lại Em,Vũ Thành An,"Bolero, ĐQ Asia"
2497,Tiếng Chuông Khuya,Giác An,Phật giáo|Giác An
2498,Elaine Trọn Đời Yêu Em,Johnny Dũng,Nhạc trữ tình
2499,Hai Nửa Quê Hương,Phạm Tôn Tẫn  - Hồ Văn Tứ,Nhạc Trữ tình quê hương
2500,Thương mấy cho vừa,Anh Bằng,Bolero
2501,Người tình Sài Gòn,Anh Bằng,Bolero
2502,Người Anh Yêu,Đông Thiên Đức,Đông Thiên Đức|Ballad|pop
2503,Lòng Thương Xót Chúa,Thế Thông,Thế Thông|Nhạc thánh ca
2504,Kiếp Xa Quê,Đông Thiên Đức,Ballad|Đông Thiên Đức|pop
2505,Love You Want You,Đỗ Hiếu|Đông Nhi|Huỳnh Hiền Năng,Nhạc trẻ
2506,Vắng Em,Johnny Dũng,Nhạc trữ tình
2507,Tay Tìm Tay Níu Tay,Hamlet Trương,"Nhạc Trẻ,Nhạc Trữ Tình"
2508,Tiền lì xì để làm gì?,Nguyễn Văn Chung,Nhạc thiếu nhi
2509,Vì Sao Em Đi,Johnny Dũng,Nhạc trữ tình
2510,Tết cali tết sài gòn,Trần Thiện Thanh,Bolero|Trần Thiện Thanh
2511,Tình đợi mong,Khúc Lan,Nhạc ngoại lời Việt
2512,Xuân mộng,Lam Phương,Lam Phương|Bolero
2513,Tình yêu thứ nhất,Trần Thiện Thanh,Trần Thiện Thanh|Bolero
2514,Đợi chờ phố xưa,Lê Quang,Hoàng Tuấn|Lê Quang|Nhạc trữ tình
2515,Lang thang dưới mưa,Nguyễn Huy Điền,Nguyễn Huy Điền|Nhạc trữ tình
2516,Bỗng Dưng Hết Yêu,Hamlet Trương,"Nhạc Trẻ,Nhạc Trữ Tình"
2517,Nếu xuân này em lấy chồng,Lê Minh,Lê Minh|Nhạc trữ tình
2518,Xuân viễn xứ,Vũ Phương,Bolero|Vũ Phương
2519,Tình Yêu Chúa Trao,Anh Thi,Thánh Ca
2520,Nàng tiên của lính (Tình và tiền),Anh Bằng,Bolero
2521,Lễ Dâng Mùa Xuân,Thế Thông,Nhạc thánh ca|Thế Thông
2522,Bài không tên cuối cùng,Vũ Thành An,"Bolero, ĐQ Asia"
2523,Lỡ mai sau,Anh Bằng,Bolero
2524,Bài ca hạnh phúc,Nguyễn Văn Đông,Trữ tình
2525,Đò tình,Lam Phương,Lam Phương|Bolero
2526,Mười niềm vui,Nguyễn Văn Chung,Nhạc thiếu nhi
2527,Tìm Một Ánh Sao,Vĩnh Phúc,Nhạc tình ca
2528,Cuộc Đời Mấy Cái 10 Năm,Nguyễn Quốc Cường|Nhạc Hoa,Nhạc trẻ
2529,Chiều xa quê,Vũ Phương,Vũ Phương|Bolero
2530,Mẹ Truyền Tin,Thế Thông,Thế Thông|Nhạc thánh ca
2531,Có Ai,Bùi Công Nam,Nhạc trẻ
2532,Cơn đau tình ái (Le mal de toi),Khúc Lan,Nhạc ngoại lời Việt
2533,Người đã qua sông,Ngọc Sơn,Bolero|Ngọc Sơn
2534,Nguyện hiến dâng,Sr. Hiền Hòa,Nhạc thánh ca|Sr. Hiền Hòa
2535,Ngọn Nến Lung Linh,Thế Thông,Thế Thông|Nhạc thánh ca
2536,Một bờ vai khác,Đình Dũng,Ballad|Đình Dũng
2537,Đừng Nhìn Lại,Đỗ Hiếu,Nhạc trẻ
2538,Ngày Em Đến,Đông Thiên Đức,Đông Thiên Đức|Ballad|pop
2539,Trên Tường Nhà Dưỡng Lão,Hamlet Trương,"Nhạc Trẻ,Nhạc Trữ Tình"
2540,Tâm sự nhỏ bé,Bằng Giang,Bolero
2541,Ông bà hiền lắm,Nguyễn Văn Chung,Nhạc thiếu nhi
2542,Ngày mai đẹp phải không em,Anh Bằng,Bolero
2543,Mình Em Với Em,Đỗ Hiếu,Nhạc trẻ
2544,Cùng Mẹ Ra Khơi,Thế Thông,Thế Thông|Nhạc thánh ca
2545,Duyên tình vợ chồng,Sr. Hiền Hòa,Nhạc thánh ca|Sr. Hiền Hòa
2546,Người đến rồi đi,Giao Tiên,Bolero
2547,Vẫn như lầu hoang,Anh Bằng,Bolero
2548,Tình ngoại,Vinh Sử,Bolero
2549,Anh đừng có lo,Anh Bằng,Bolero
2550,Biển Hát Lời Anh Ca,Trần Thanh Tùng,Nhạc trữ tình
2551,Một lần đến thăm anh,Đông Phương Tử,Trữ tình
2552,Còn đây câu hát lý theo chồng,Giao Tiên,Bolero
2553,Hey Boy,Đỗ Hiếu,Nhạc trẻ
2554,Vì Ngài Tôi Hát,Vĩnh Phúc,Nhạc thánh ca
2555,Cao bằng miền đất huyền thoại,Ngô Sỹ Ngọc,Nhạc trữ tình
2556,Xuân Miền Nam,Văn Phụng,"Bolero, ĐQ Asia"
2557,Huế đẹp tình thơ,Vinh Sử,Bolero
2558,Chờ Ngày Nắng Lên,Hamlet Trương,"Nhạc Trẻ,Nhạc Trữ Tình"
2559,Xót xa tình đầu,Chế Phi,Nhạc trữ tình
2560,Ngàn năm mây bay,Trần Thiện Thanh,Bolero|Trần Thiện Thanh
2561,Ôm Một Bóng Hình,Dương Khắc Linh,"Pop, Ballad"
2562,Nét chữ nết người,Nguyễn Văn Chung,Nhạc thiếu nhi
2563,Quê hương và tuổi lính,Ngọc Sơn,Bolero|Ngọc Sơn
2564,Yêu Cuộc Đời Hơn,Bùi Công Nam,Nhạc trẻ
2565,Tại Vầng Đá Ngất Cao,Vĩnh Phúc,Nhạc thánh ca
2566,Tình thu xưa,Trịnh Lâm Ngân,Bolero
2567,Biển sầu,Lam Phương,Bolero|Lam Phương
2568,Con yêu của mẹ,Nguyễn Huy Điền,Nguyễn Huy Điền|Nhạc trữ tình
2569,Cờ đỏ sao vàng,Nguyễn Văn Chung,Nhạc thiếu nhi
2570,Thằng Bờm Thời Nay,Đông Thiên Đức,Đông Thiên Đức|Ballad|pop
2571,Mời Trầu,Masew,pop|Masew
2572,Cô Dâu Trong Mơ,Tâm Tâm,"Pop, Ballad"
2573,Rồi Cũng Sẽ Quên,Hamlet Trương,"Nhạc Trẻ,Nhạc Trữ Tình"
2574,Yêu em âm thầm,Trúc Hồ,Trúc Hồ|Nhạc trữ tình
2575,Cô Đơn Mình Tôi,Dương Khắc Linh,"Pop, Ballad"
2576,Thời Gian Chỉ Cho Ta Hiện Tại,Nguyễn Quốc Cường,Nhạc trẻ
2577,Bụi tro kiếp người,Nguyễn Huy Điền,Nguyễn Huy Điền|Nhạc trữ tình
2578,Thương quá mẹ tôi,Vinh Sử,Bolero
2579,Từng Hứa,Dee Trần,Nhạc trẻ
2580,Chúa Là Đấng Từ Bi,Thế Thông,Nhạc thánh ca|Thế Thông
2581,Chôn Giấu Một Giấc Mơ,Đỗ Hiếu,Nhạc trẻ
2582,Cảm ơn tình em,Trần Quảng Nam,Nhạc trữ tình
2583,Mỹ Lan,Vinh Sử,Bolero
2584,Lời ca từ lòng đất,Đan Hùng|Tú Nhi,Đan Hùng|Tú Nhi|Bolero
2585,Còn Thương Sao Đành,Hào JK,"Pop, Ballad"
2586,Trái Cà Na,Trúc Phong,Bolero
2587,Phải lên tiếng,Anh Bằng,Bolero
2588,Hoa xoan chung tình,Ngô Sỹ Ngọc,Nhạc trữ tình
2589,Người tình cũ,Diệp Vàm Cỏ,Ca cổ
2590,Đêm sau cùng,Giao Tiên|Hương Vũ,Nhạc trữ tình
2591,Chiều quê hương,Vinh Sử,Bolero
2592,Chuyện sui gia,Giao Tiên,Bolero
2593,Trăm năm hạnh phúc,Hà Phương,Bolero
2594,Truyện ca Trên đỉnh đau thương :,Lam Phương,Bolero|Lam Phương
2595,Hương Hồng Hoa,TaynguyenSound,TaynguyenSound|Nhạc trẻ
2596,Lời giao ước,Sr. Hiền Hòa,Sr. Hiền Hòa|Nhạc thánh ca
2597,Gọi anh mùa xuân,Anh Bằng,Bolero
2598,Món Quà Yêu Thương,Vĩnh Phúc,Nhạc thánh ca
2599,Càng Xa Càng Yêu,Nguyễn Quốc Cường,Nhạc trẻ
2600,Quên Một Ai Rất Khó Nếu Còn Yêu,Nguyễn Quốc Cường,Nhạc trẻ
2601,Mượn Tiền,BÌN,POP
2602,Cưới Được Chưa,Bùi Công Nam,Nhạc trẻ
2603,Giấc mộng phù du,Nhật Thu,Nhật Thu|Nhạc trữ tình
2604,Triệu Trái Tim Thiên Thần,Nal,Nhạc trẻ
2605,Tình cuồng điên,Khúc Lan,Nhạc ngoại lời Việt
2606,Tiếng hát yêu đời,Trung Quân|Võ Hoài Phúc,Nhạc trữ tình|Võ Hoài Phúc|Hoàng Tuấn|Trung Quân
2607,Một ngày gần đây,Trần Thiện Thanh,Trần Thiện Thanh|Bolero
2608,Tôi đã yêu người,Bằng Giang,Bolero
2609,Vĩnh biệt một loài hoa,Anh Bằng,Bolero
2610,Biển thầm,Khúc Lan,Nhạc ngoại lời Việt
2611,Sao vẫn còn yêu,Khúc Lan,Nhạc ngoại lời Việt
2612,Nhớ Huế thương,Nguyễn Cửu Dũng,Nhạc trữ tình|Nguyễn Cửu Dũng
2613,Tình Ngài Rọi Chiếu,Phạm Tôn Tẫn,Nhạc Thánh Ca
2614,Nỗi lòng thanh trúc,Trần Thiện Thanh,Trần Thiện Thanh|Bolero
2615,Chuyện tình Trương Chi,Anh Bằng,Bolero
2616,Xuân nào ta về,Lam Phương,Bolero|Lam Phương
2617,Duy Nhất Cho Em,Dương Khắc Linh,"Pop, Ballad"
2618,Đừng Phí Duyên Trời,Hamlet Trương,"Nhạc Trẻ,Nhạc Trữ Tình"
2619,Yêu và yêu,Dương Khắc Linh,"Pop, Balld"
2620,Con yêu mẹ,Ngô Sỹ Ngọc,Nhạc trữ tình
2621,Chẳng Cách Nào Quên Được,Trần Đăng Quang,Nhạc trẻ|Trần Đăng Quang
2622,Tết Trong Tim Tôi,Sinike,Sinike|pop
2623,Thiên đàng đã mất,Ngọc Loan,Nhạc trữ tình|Ngọc Loan
2624,Mình Thích Thì Mình Yêu Thôi,Dương Khắc Linh,"Pop, Ballad"
2625,Sợ Người Đi Mất,Jin Tuấn Nam,Pop
2626,Gần Bên Chúa,Vĩnh Phúc,Nhạc thánh ca
2627,Tình Thôi Xót Xa,Bảo Chấn,Bảo Chấn|Nhạc ngoại
2628,Buồn cho mình,Tuấn Hải,Bolero
2629,Dụ ngôn thợ làm vườn nho,Sr. Hiền Hòa,Sr. Hiền Hòa|Nhạc thánh ca
2630,Chẳng Nỡ Xa Thanh Xuân,Tuno,"RnB, Trap"
2631,Hai tâm hồn một con số,Thái Ngọc Sơn,Bolero
2632,Thương lắm tóc dài ơi,Giao Tiên,Bolero
2633,Sao đành xa con,Phạm Hưng,Phạm Hưng|Bolero
2634,Gọi Em Đi,Đỗ Hiếu|Lục Huy,Nhạc trẻ
2635,Điệp khúc mùa xuân,Quốc Dũng,"Bolero, ĐQ Asia"
2636,Duyên tình hẹn ước,Ngọc Liên,Nhạc trữ tình
2637,Tình yêu và thân thế,Anh Bằng,Bolero
2638,Tháng 10 Cho Em,TaynguyenSound,TaynguyenSound|Nhạc trẻ
2639,Hát Làm Quen,Trần Trịnh,Bolero
2640,Màu hoa kỷ niệm,Hoài Phương,Trữ tình
2641,Tập quên Anh,Nguyễn Lê Việt Hùng,Nguyễn Lê Việt Hùng|Nhạc trẻ
2642,Mẹ miền Trung ơi,Phan Phúc Thao,Nhạc trữ tình
2643,Yêu em từ đó,Bằng Giang,Bolero
2644,Anh Sẽ Quên,Đỗ Hiếu,Nhạc trẻ
2645,Đông vừa sang,Như Việt,Như Việt|Ballad
2646,Ký Ức Về Em,Dee Trần,Nhạc trẻ
2647,Anh không muốn xa em,Giao Tiên,Bolero
2648,Đời Đời Ca Tụng,Thế Thông,Thế Thông|Nhạc thánh ca
2649,Trả lại cho người,Vũ Phương,Vũ Phương|Bolero
2650,Sau Cơn Mưa Nắng Sẽ Về,Đỗ Hiếu,Nhạc trẻ
2651,Từ thuở yêu em,Anh Bằng,Bolero
2652,Tình Xuân Ca,Đạt Long Vinh,Nhạc trẻ
2653,Thách Anh Yêu Em Đấy,Jin Tuấn Nam,Pop
2654,Tương tư áo trắng,Vinh Sử,Bolero
2655,Con đường buồn riêng anh,Vũ Tuấn,Bolero|Vũ Tuấn
2656,Kiếp tha hương,Lam Phương,Lam Phương|Bolero
2657,Bến Sông Kỷ Niệm,Quang Mạnh,Quang Mạnh
2658,Tình qua cơn bão,Lam Phương,Lam Phương|Bolero
2659,Giọt Sầu Vương Trên Mi,Nal,Nhạc trẻ
2660,Giã từ người yêu,Lam Phương,Lam Phương|Bolero
2661,Đừng Yêu Ai Qúa Nhiều,Mai Văn An,Pop
2662,Ngày mai đám cưới,Trường Lê,pop|Trường Lê
2663,Một Đôi Khóc Cười,Đông Thiên Đức,Ballad|pop|Đông Thiên Đức
2664,Mưa trong mắt em,Khúc Lan,Nhạc ngoại lời Việt
2665,Đắm say cha cha cha,Vũ Tuấn Đức,Vũ Tuấn Đức|Nhạc trữ tình
2666,Xuân vắng nhà,Vũ Phương,Bolero|Vũ Phương
2667,Làm quen với lính,Trịnh Lâm Ngân,Bolero
2668,Mây và dòng sông,Trịnh Nam Sơn,"Bolero, ĐQ Asia"
2669,Chờ em trong mưa,Tô Thanh Sơn,Bolero
2670,Đành Lòng Sao,Anh Thi,Nhạc Trẻ
2671,Chắc không bao giờ,Tuấn Hải,Bolero
2672,Lời Dạy Của Cha,Giác An|Huệ Đức,Huệ Đức|Giác An|Phật giáo
2673,Phương Xa Nhớ Mẹ,Giác An,Giác An|Phật giáo
2674,Đà Lạt cô liêu,Lam Phương,Bolero|Lam Phương
2675,Nation of America,Nguyễn Huy Điền,Nhạc trữ tình|Nguyễn Huy Điền
2676,Vòng tay yêu thương,Lê Quang,Lê Quang|Nhạc trữ tình|Hoàng Tuấn
2677,Ninh Bình đất Mẹ Hoa Lư,Ngô Sỹ Ngọc,Nhạc trữ tình
2678,Nhớ gì không em,Anh Bằng,Bolero
2679,Con cần Chúa,Sr. Hiền Hòa,Sr. Hiền Hòa|Nhạc thánh ca
2680,Tiếng Việt thiêng liêng,Nguyễn Văn Chung,Nhạc thiếu nhi
2681,Yêu người như trời cao,Giao Tiên,Bolero
2682,Tình Chỉ Một Đêm,Ngô Huỳnh,Ngô Huỳnh|Bolero
2683,Chỉ cần em,Trung Quân,Nhạc trữ tình|Trung Quân|Hoàng Tuấn
2684,Đừng Khóc Nhé,Đông Thiên Đức,Đông Thiên Đức|Ballad|pop
2685,Tình đau tháng hạ,Khúc Lan,Nhạc ngoại lời Việt
2686,Về miền đá tìm em,Ngô Sỹ Ngọc,Nhạc trữ tình
2687,Bài ca Thanh Tuyển Sinh,Sr. Hiền Hòa,Sr. Hiền Hòa|Nhạc thánh ca
2688,Hiếu Đạo Song Thân,Huỳnh Thanh Hiền,Nhạc Trữ Tình
2689,Tình em,Nguyễn Ngọc Thiện,Nhạc trữ tình|Nguyễn Ngọc Thiện|Hoàng Tuấn
2690,Hai Lúa Về Làng 2,Đông Phương Tường,Bolero
2691,Chuyện tình ttkh,Trần Thiện Thanh,Trần Thiện Thanh|Bolero
2692,Mùa xuân ân phúc,Sr. Hiền Hòa,Sr. Hiền Hòa|Nhạc thánh ca
2693,Nỗi sầu tương tư,Hoàng Phương,Bolero
2694,Tội nghiệp thân anh,Trúc Hồ,Trúc Hồ|Nhạc trữ tình
2695,Những lời này cho em,Trúc Phương,"Bolero, ĐQ Asia"
2696,Nhịp Bước Tình Yêu,Anh Thi,Thánh Ca
2697,Ngộ Nhận Yêu,Đông Thiên Đức,Đông Thiên Đức|Ballad|pop
2698,Mùa xuân bên em,Ngọc Liên,Nhạc trữ tình
2699,Vọng gác lưng đồi,Anh Bằng,Bolero
2700,Tìm Lại Tình Yêu,Dương Khắc Linh,"Pop, Ballad"
2701,Anh không lại,Anh Bằng,Bolero
2702,Còn nhớ còn thương,Giao Tiên,Bolero
2703,Dạ Lan Hương Tím,Jay Bach|O Buồn,O Buồn|Nhạc trẻ
2704,Nguyện Ca,Sr. Hiền Hòa,Sr. Hiền Hòa|Nhạc thánh ca
2705,Tình thứ nhất,Trần Minh Phi,Trần Minh Phi|Hoàng Tuấn|Nhạc trữ tình
2706,Một cõi vô vọng,Trúc Hồ,Trúc Hồ|Nhạc trữ tình
2707,Về thăm chốn xưa,Anh Bằng,Bolero
2708,Đoạn tình 1,Vũ Tuấn Đức|Hoàng Việt,Vũ Tuấn Đức|Nhạc trữ tình|Hoàng Việt
2709,Người Yêu Tôi Không Có Gì Để Mặc,Lộn Xộn Band,Lộn Xộn Band|Nhạc trẻ
2710,Núi đôi,Anh Bằng,Bolero
2711,Em gái Trà Vinh,Vinh Sử,Bolero
2712,Khung trời thương nhớ,Hà Phương,Bolero
2713,Thêm Yêu Con Tim,Dương Khắc Linh,"Pop, Ballad"
2714,Tri ân (1),Giao Tiên,Bolero
2715,Tết sang,Nguyễn Văn Chung,Nhạc thiếu nhi
2716,Theo anh zìa,Trường Lê,Trường Lê|pop
2717,Loan Báo Tin Mừng,Thế Thông,Thế Thông|Nhạc thánh ca
2718,Phố Xưa Vắng Em,Ngô Huỳnh,Ngô Huỳnh|Bolero
2719,Tết Trả Hết,Nal,Nhạc trẻ
2720,Tôi xa người,Anh Bằng,Bolero
2721,Mưa bão trong lòng (Một bài độc xướng),Khúc Lan,Nhạc ngoại lời Việt
2722,Thiệp hồng mang tên em,Huỳnh Thanh Hiền,Trữ Tình
2723,Giấc mơ nồng say,Khúc Lan,Nhạc ngoại lời Việt
2724,Em gò công,Vinh Sử,Bolero
2725,Là Em Chứ Ai,BÌN,Pop
2726,Tình sao còn xa,Khúc Lan,Nhạc ngoại lời Việt
2727,Thiệp Hồng Vu Quy,Ngô Huỳnh,Bolero|Ngô Huỳnh
2728,Anh không hiểu vì sao,Nguyễn Lê Việt Hùng,Nguyễn Lê Việt Hùng|Nhạc trẻ
2729,Có Một Ai Đó Đã Đổi Thay,Hamlet Trương,"Nhạc Trẻ,Nhạc Trữ Tình"
2730,Duyên thơ nợ tình,Giao Tiên,Bolero
2731,Hương sơri,Hoàng Phương,Nhạc trữ tình
2732,Tiếng lòng,Sr. Hiền Hòa,Nhạc thánh ca|Sr. Hiền Hòa
2733,Nén hương dâng Mẹ,Sr. Hiền Hòa,Sr. Hiền Hòa|Nhạc thánh ca
2734,Nắng Ơi Đừng Buồn,Hamlet Trương,"Nhạc Trẻ,Nhạc Trữ Tình"
2735,Người Tình Trong Mơ,Vũ Xuân Hùng,Vũ Xuân Hùng|Lời Việt|Nhạc ngoại
2736,Thử Yêu Rồi Biết,Hamlet Trương,"Nhạc Trẻ,Nhạc Trữ Tình"
2737,Tâm sự hàng đêm,Hà Phương,Bolero
2738,Cảm Ơn Anh Đã Tìm Thấy Em,Hamlet Trương,"Nhạc Trẻ,Nhạc Trữ Tình"
2739,Xin vâng,Lm Mi Trầm,"Bolero, ĐQ Asia"
2740,Chỉ Một Chúa Thôi,Thế Thông,Nhạc thánh ca|Thế Thông
2741,Chúa Xuân,Thế Thông,Thế Thông|Nhạc thánh ca
2742,Mưa Dầm Thấm Đất,Đông Thiên Đức,pop|Đông Thiên Đức|Ballad
2743,Vòng tay chờ đợi,Lam Phương,Bolero|Lam Phương
2744,Một Người Lên Xe Hoa,Vĩnh Phúc,Nhạc tình ca
2745,Vì Đời Là Thế Mà,Bùi Công Nam,Nhạc trẻ
2746,Sầu tình,Khúc Lan,Nhạc ngoại lời Việt
2747,Kiếp tơ tằm,Giao Tiên,Bolero
2748,Gác vắng,Lam Phương,Lam Phương|Bolero
2749,Bà mẹ trị thiên,Trần Thiện Thanh,Bolero|Trần Thiện Thanh
2750,Thế giới hoàn mỹ,Trung Quân,Nhạc trữ tình|Trung Quân|Hoàng Tuấn
2751,Mang Theo Câu Hát,Thế Thông,Nhạc thánh ca|Thế Thông
2752,Em là niềm cay đắng,Vũ Tuấn Đức,Vũ Tuấn Đức|Nhạc trữ tình
2753,Unravel,RonOST,J-rock
2754,Tim,Anh Bằng,Bolero
2755,Áo dài quê hương,Anh Bằng,Bolero
2756,Không Hối Tiếc,Đỗ Hiếu,Nhạc trẻ
2757,Xuân Ơi,Đỗ Ái Tử,Pop
2758,Đừng nhắc đến tình yêu,Trúc Hồ,Trúc Hồ|Nhạc trữ tình
2759,Mối tình huyền siêu,Sr. Hiền Hòa,Nhạc thánh ca|Sr. Hiền Hòa
2760,Áo dài quê hương,Anh Bằng,Bolero
2761,Nếu Mai Rời Xa,Đỗ Hiếu,Nhạc trẻ
2762,Cung đàn Thúy Kiều,Nguyễn Ngọc Thịnh,Nhạc trữ tình
2763,Nụ cười duyên thầy Thích Minh Tuệ,Danh Mã Phi Hùng,Nhạc Phật
2764,Nàng Xuân chung tình,Giao Tiên,Bolero
2765,Chuyện Về Nhiều Năm Trước,TaynguyenSound,Nhạc trẻ|TaynguyenSound
2766,Bố ơi kể chuyện con nghe,Nguyễn Văn Chung,Nhạc thiếu nhi
2767,Hai lúa về làng,Đông Phương Tường,Nhạc thiếu nhi
2768,Vắng Mẹ,Đinh Miên Vũ|Dương Thúy Trúc,Nhạc Trữ Tình
2769,Ca Khúc Tạ Ơn,Thế Thông,Nhạc thánh ca|Thế Thông
2770,Anh Chờ Em,Phúc Bồ,Pop
2771,Là Sao Em Ơi?,Bùi Công Nam,Nhạc trẻ
2772,Phá Đảo Thế Giới Ảo,Đỗ Hiếu|Lục Huy,Nhạc trẻ
2773,Gọi Tên Mỗi Ngày,Hamlet Trương,"Nhạc Trẻ,Nhạc Trữ Tình"
2774,Vẫn Yêu Từng Phút Giây,Đỗ Hiếu,Nhạc trẻ
2775,Đi Xuyên Thời Gian,Dương Khắc Linh,"Pop, Ballad"
2776,Chưa Quên Được,Bùi Công Nam,Nhạc trẻ
2777,Cảm Ơn Bạn,Vĩnh Phúc,Nhạc thánh ca
2778,Lỡ một cuộc tình số 8,Anh Bằng,Bolero
2779,Vỡ mộng,Giao Tiên,Bolero
2780,Trang Quynh (Viết Nguyễn),Dương Khắc Linh,"Pop, Ballad"
2781,Tình đầu muôn thuở,Lam Phương,Bolero|Lam Phương
2782,Mùa Thu Nhớ Em,Ngô Huỳnh,Bolero|Ngô Huỳnh
2783,Ru đời ru con,Anh Bằng,Bolero
2784,Làm Sao Xóa,Dee Trần,Nhạc trẻ
2785,Em đã sai,Phong Lê,Nhạc trẻ|Phong Lê
2786,Chữ Tình,Thế Thông,Thế Thông|Nhạc thánh ca
2787,Ngày mai đám cưới người ta,Giao Tiên,Bolero
2788,Chỉ Một Chúa Thôi (hợp xướng),Thế Thông,Thế Thông|Nhạc thánh ca
2789,Đừng như ong bướm,Vinh Sử,Bolero
2790,Gửi,Reddy,Nhạc trẻ
2791,Hè Gọi Bạn Ơi,Anh Thi,Học Trò
2792,Thăm Lại Chùa Xưa,Giác An,Giác An|Phật giáo
2793,Tình đã đến,Khúc Lan,Nhạc ngoại lời Việt
2794,Kỷ niệm mối tình thơ,Nguyễn Huy Điền,Nhạc trữ tình|Nguyễn Huy Điền
2795,Một Đóa Bâng Khuâng Màu E Ấp,Trần Trịnh,Bolero
2796,Đêm cắm câu,Giao Tiên,Bolero
2797,Hương cau quê ngoại,Anh Bằng,Bolero
2798,Tình cuồng si,Trần Quảng Nam,Nhạc trữ tình
2799,Khi Anh Bên Em,Dương Khắc Linh,"Pop, Ballad"
2800,Giữ trọn lời thế,Phan Phúc Thao,Nhạc trữ tình
2801,Eh Oh Ah,Johnny Dũng,Nhạc trữ tình
2802,Dẫu có biết trước,Trúc Hồ,Nhạc trữ tình|Trúc Hồ
2803,Giá Như,Mai Phuong|Thái Sơn Beatbox,"RnB, Pop"
2804,Ơi người bạn Sài Gòn,Duy Khánh,Bolero|Duy Khánh
2805,Mãi thanh xuân,Dương Khắc Linh,"Pop, Balld"
2806,Trầu cau,Đăng Minh,Ca cổ
2807,Hai đứa vui xuân,Hùng Linh,Bolero
2808,Để Rồi Tổn Thương,Dương Khắc Linh,"Pop, Ballad"
2809,Bài hát chữ A,Phạm Thúy An,nhạc thiếu nhi
2810,Trăm Ngàn Lời Thương,Bùi Công Nam,Nhạc trẻ
2811,Noel Rock,Nguyễn Quốc Cường|Nhạc Nước Ngoài,Nhạc trẻ
2812,Ngàn Mắt Ngàn Tay,Giác An,Giác An|Phật giáo
2813,Ngàn Năm Tha Thiết,Vũ Xuân Hùng,Nhạc ngoại|Vũ Xuân Hùng|Lời Việt
2814,Tàu về tương lai,Lam Phương,Lam Phương|Bolero
2815,Nhật ký mùa đông,Hà Phương,Bolero
2816,Rap Hay Là Do Beat,Jay Bach|O Buồn,Nhạc trẻ|O Buồn
2817,Đành rằng tình vỗ cánh bay,Ngân Giang,Ngân Giang|Nhạc trữ tình
2818,Ngắm Hoa Lệ Rơi,Lý Bông Dừa,Ca cổ
2819,Ái Ân Ngày Đầu,Vũ Xuân Hùng,Lời Việt|Vũ Xuân Hùng|Nhạc ngoại
2820,Tiếng hát em,Anh Bằng,Bolero
2821,Gọi tên anh,Trần Thiện Thanh,Bolero|Trần Thiện Thanh
2822,Cát biển chiều nay,Trúc Hồ,Trúc Hồ|Nhạc trữ tình
2823,Phải Lòng Cô Gái Cà Mau,Lý Bông Dừa,Ca cổ
2824,Tôi Là Người Việt Nam,Dương Khắc Linh,"Pop, Ballad"
2825,Khi Chúa Vào Đời,Vĩnh Phúc,Nhạc thánh ca
2826,Nói cùng Tô Thị,Ngô Sỹ Ngọc,Nhạc trữ tình
2827,Tết Cho Mọi Nhà,Dương Khắc Linh,"Pop, Ballad"
2828,Sợ,Reddy,Nhạc trẻ
2829,Hà Tĩnh Nhớ,Phạm Tôn Tẫn,Nhạc Trữ tình quê hương
2830,Tháng Hoa Đến Rồi,Thế Thông,Nhạc thánh ca|Thế Thông
2831,Nơi Ta Gặp Nhau,RonOST,Pop Ballad
2832,Đừng Bỏ Lỡ,Hà Nhi,Hà Nhi|Ballad
2833,Chuyện người miền xa,Hoài Phương,Trữ tình
2834,Cuộc tình buồn,Nguyệt Ca,Nhạc trữ tình|Nguyệt Ca
2835,Hát Cho Những Phố Phường,TaynguyenSound,TaynguyenSound|Nhạc trẻ
2836,Một vì sao nhỏ,Trần Thiện Thanh,Bolero|Trần Thiện Thanh
2837,Mùa thu đi qua,Phan Phúc Thao,Nhạc trữ tình
2838,Nếu đã yêu,Khúc Lan,Nhạc ngoại lời Việt
2839,Không Thể Quên Em,Đỗ Hiếu,Nhạc trẻ
2840,Cô bắc kỳ nho nhỏ,Phan Ni Tấn,Nhạc trữ tình
2841,Ngày Anh Đi,Đỗ Hiếu,Nhạc trẻ
2842,Bye Bye,Dương Khắc Linh,"Pop, Ballad"
2843,Gió cuốn hoa trôi,Khúc Lan,Nhạc ngoại lời Việt
2844,Chỉ Là,Reddy,Nhạc trẻ
2845,Chúc Xuân,Thế Thông,Nhạc thánh ca|Thế Thông
2846,Khói cay hoen mi,Khúc Lan,Nhạc ngoại lời Việt
2847,Bến vắng đò xưa,Vũ Tuấn,Vũ Tuấn|Bolero
2848,Phải duyên chồng vợ,Phan Ni Tấn,Nhạc trữ tình
2849,Thương và hận,Quốc Anh,Bolero
2850,Anh Vội Sang Trang,Lương Gia Hùng,Pop
2851,Em sẽ về đâu,Diệp Vàm Cỏ,Ca cổ
2852,Cẩn thận khi qua đường,Nguyễn Văn Chung,Nhạc thiếu nhi
2853,Những giọt mưa sầu,Khánh Băng,Khánh Băng|Nhạc trữ tình
2854,Duong Den Vinh Quang 60,Dương Khắc Linh,"Pop, Ballad"
2855,Chiếc lá thu phong,Khúc Lan,Nhạc ngoại lời Việt
2856,Bến cũ đò xưa (Còn đò khác xưa),Phan Ni Tấn,Nhạc trữ tình
2857,Mùa nước nổi,Nguyễn Cửu Dũng,Nhạc trữ tình|Nguyễn Cửu Dũng
2858,Người Đi Tìm Cơn Mưa,Hamlet Trương,"Nhạc Trẻ,Nhạc Trữ Tình"
2859,Can chi tui,Giao Tiên,Bolero
2860,Mình Sinh Ra Đâu Phải Để Buồn,Hamlet Trương,"Nhạc Trẻ,Nhạc Trữ Tình"
2861,Xin trả lại anh,Vũ Xuân Hùng,"Nhạc ngoại, Lời Việt"
2862,Yêu người phụ tôi,Vinh Sử,Bolero
2863,Tưởng niệm,Trầm Tử Thiêng,"Bolero, ĐQ Asia"
2864,Là Thế,Reddy,Nhạc trẻ
2865,Hồng Lâu Mộng,Jay Bach|Hưng Cao,Hưng Cao|Nhạc trẻ
2866,Phi Vụ Rước Dâu,NB3 Hoài Bảo,Nhạc trẻ
2867,Khúc ca ký niệm,Vinh Sử,Bolero
2868,Solo cùng tình Bolero,Vinh Sử,Bolero
2869,Xuân An Lạc,Giác An,Phật giáo|Giác An
2870,Hết rồi,Tú Nhi|Anh Hoàng,Anh Hoàng|Tú Nhi|Bolero
2871,Hãy nói lời yêu em,Nguyễn Ngọc Thiện,Nguyễn Ngọc Thiện|Hoàng Tuấn|Nhạc trữ tình
2872,Ngày Về Nơi Tịnh Độ,Giác An,Giác An|Phật giáo
2873,Cho Con Nhận Ra Ngài,Thế Thông,Thế Thông|Nhạc thánh ca
2874,Chuyện không ai cấm,Trần Thiện Thanh,Bolero|Trần Thiện Thanh
2875,Đắng Cay Em Vẫn Chờ,Hamlet Trương,"Nhạc Trẻ,Nhạc Trữ Tình"
2876,Dĩ vãng một loài hoa,Anh Bằng,Bolero
2877,Be Ur Love,Mai Phuong|Thái Sơn Beatbox,"Pop, Funk"
2878,Đã Từng Hạnh Phúc,Hamlet Trương,"Nhạc Trẻ,Nhạc Trữ Tình"
2879,30 năm tình cũ,Trần Quảng Nam,Nhạc trữ tình
2880,Từng Có Người Yêu Tôi Hơn Sinh Mệnh,Hamlet Trương,"Nhạc Trẻ,Nhạc Trữ Tình"
2881,Nụ hôn nồng cháy,Trần Quảng Nam,Nhạc trữ tình
2882,Vùng trời mơ ước,Hà Phương,Bolero
2883,Em Đừng Diễn Nữa,Đông Thiên Đức,pop|Đông Thiên Đức|Ballad
2884,Xin làm người xa lạ,Tú Nhi,Tú Nhi|Bolero
2885,KICK BACK,RonOST,"J-pop, Rock"
2886,Hư ảo,Anh Bằng,Bolero
2887,Nhớ em,Giao Tiên,Bolero
2888,Tạ ơn cha mẹ,Anh Bằng,Bolero
2889,Dâng Mẹ Đời Con,Nguyên Minh,Thánh ca
2890,Em vẫn của anh,Phượng Linh,Trữ tình
2891,Xuống đò người dưng,Phan Ni Tấn,Nhạc trữ tình
2892,Điều Anh Nhận Được,TaynguyenSound,TaynguyenSound|Nhạc trẻ
2893,Chơi cả mùa hè,Nguyễn Văn Chung,Nhạc thiếu nhi
2894,Nói Em Nghe Mãi Mãi Là Bao Xa,Hamlet Trương,"Nhạc Trẻ,Nhạc Trữ Tình"
2895,Bay nhanh hơn ánh sáng,Tăng Nhật Tuệ,Tăng Nhật Tuệ|Nhạc trữ tình|Hoàng Tuấn
2896,Còn yêu trọn đời,Anh Bằng,Bolero
2897,"Hà Nội ""Đây Rồi""",Jay Bach|Rich Choi,Nhạc trẻ|Rich Choi
2898,Anh Đứng Đây Từ Chiều,Đỗ Hiếu,Nhạc trẻ
2899,Cô bé môi hồng,Anh Bằng,Bolero
2900,Sau lưng mùa mưa,Anh Bằng,Bolero
2901,Em cho anh vào nhà,Đình Dũng,Đình Dũng|Ballad
2902,"America, I Will Stand For You",Nguyễn Huy Điền,Nguyễn Huy Điền|Nhạc trữ tình
2903,Em là mùa xuân,Anh Bằng,Bolero
2904,Trái Tim Người Miền Tây,Đông Phương Tường,Bolero
2905,Thế kỷ tình yêu,Trần Thiện Thanh,Bolero|Trần Thiện Thanh
2906,Under My Spell,Dương Khắc Linh,"Pop, Ballad"
2907,Rẽ Trái Rẽ Phải,Hamlet Trương,"Nhạc Trẻ,Nhạc Trữ Tình"
2908,Bán Nhân Duyên,Hoàng Oanh,Pop
2909,Chờ một ngày,Lam Phương,Bolero|Lam Phương
2910,Chợ nổi cái răng,Vũ Phương,Bolero|Vũ Phương
2911,Một chiều mưa (Cơn mưa chiều),Khúc Lan,Nhạc ngoại lời Việt
2912,Mong,Nguyễn Quốc Cường,Nhạc trẻ
2913,Tiếng mưa đêm,Đức Huy,"Bolero, ĐQ Asia"
2914,Tinh thu,Anh Bằng,Bolero
2915,Thầm lặng,Tô Thanh Sơn,Bolero
2916,Thạch sanh,Trần Thiện Thanh,Trần Thiện Thanh|Bolero
2917,Cùng Kính Dâng,Anh Thi,Thánh Ca
2918,Have Fun With The Homies,TaynguyenSound,TaynguyenSound|Nhạc trẻ
2919,Chia Tay LÀ Giải Pháp,Sinike,Sinike|pop
2920,Thương lính,Anh Bằng,Bolero
2921,Đời Ca Sĩ,Vũ Xuân Hùng,Vũ Xuân Hùng|Nhạc ngoại|Lời Việt
2922,Tuần trăng mật,Giao Tiên,Bolero
2923,Chờ mong anh,Trúc Hồ,Trúc Hồ|Nhạc trữ tình
2924,Rượu buồn,Khúc Lan,Nhạc ngoại lời Việt
2925,Tết Se Duyên,Hồng Quân WyTy,Pop
2926,Hải Dương thành phố bên sông,Ngô Sỹ Ngọc,Nhạc trữ tình
2927,Nhớ đêm mưa Sài Gòn,Anh Bằng,Bolero
2928,Lỡ Một Lần Đứng Trú Mưa,Vũ Xuân Hùng,Lời Việt|Vũ Xuân Hùng|Nhạc ngoại
2929,Viết trên cổng trời,Ngô Sỹ Ngọc,Nhạc trữ tình
2930,Giọt buồn để lại,Dương Khắc Linh,"Pop, Balld"
2931,Hoa Tình,Huỳnh Thanh Hiền,Nhạc Hoa lời Việt
2932,Trăng Thu,Thế Thông,Nhạc thánh ca|Thế Thông
2933,Xin Anh Hãy Quên,Đỗ Hiếu,Nhạc trẻ
2934,Thiên thần trong bóng tối,Trúc Hồ,Nhạc trữ tình|Trúc Hồ
2935,Khiêu Vũ Bên Nhau,Vũ Xuân Hùng,Lời Việt|Nhạc ngoại|Vũ Xuân Hùng
2936,Hẹn người kiếp sau,Anh Bằng,Bolero
2937,Dòng đời đổi thay,Khúc Lan,Nhạc ngoại lời Việt
2938,Phượng Sài Gòn,Vinh Sử,Bolero
2939,Tự Giác Cách Ly,Bùi Công Nam,Nhạc trẻ
2940,Giữ trọn ân tình,Giao Tiên|Hương Vũ,Nhạc trữ tình
2941,Vẫn chưa chịu cưới,Giao Tiên,Bolero
2942,Mưa đầu mùa,Anh Bằng,Bolero
2943,Lá Thư Kỳ Niệm,Trần Trịnh,Bolero
2944,Bấm # Cho Anh Đi Lên,Lộn Xộn Band,Lộn Xộn Band|Nhạc trẻ
2945,B TRAP,Jay Bach|Hưng Cao,Nhạc trẻ|Hưng Cao
2946,Thích Thì Chiều,Lộn Xộn Band,Lộn Xộn Band|Nhạc trẻ
2947,Đồng Sàng Dị Mộng,Hamlet Trương,"Nhạc Trẻ,Nhạc Trữ Tình"
2948,Rước Nàng Đi Luôn,Linh Lor,pop|Linh Lor
2949,Cưới Nhau Mùa Tết,Sinike,pop|Sinike
2950,Bức Tranh Tình Nhân,Nguyễn Quốc Cường,Nhạc trẻ
2951,Mừng Ngày Hôn Lễ,Vĩnh Phúc,Nhạc hôn lễ
2952,Đón xuân về,Vinh Sử,Bolero
2953,Rời Xa Anh Chậm Thôi Được Không,Đông Thiên Đức,Ballad|Đông Thiên Đức|pop
2954,Mùa thu cho em,Ngô Thụy Miên,"Bolero, ĐQ Asia"
2955,Chị Hai,Hamlet Trương,"Nhạc Trẻ,Nhạc Trữ Tình"
2956,Điều anh không thể,Phong Lê,Phong Lê|Nhạc trẻ
2957,Nói lời chia tay,Minh Khang,Minh Khang|Nhạc trữ tình|Hoàng Tuấn
2958,Thì Em Vẫn Thế,Bùi Công Nam,Nhạc trẻ
2959,Tết Bùng Nội Lực,Bùi Công Nam,Nhạc trẻ
2960,Chạy Trốn Kỷ Niệm,Nguyễn Hoài Anh,Pop
2961,Hoa Tím Mười Giờ,Ngô Huỳnh,Bolero|Ngô Huỳnh
2962,Người về đêm mưa,Ngân Giang,Nhạc trữ tình|Ngân Giang
2963,Xuân hòa bình,Lam Phương,Lam Phương|Bolero
2964,Em Quy Nhơn,Vinh Sử,Bolero
2965,Chẳng Cách Nào,Trần Đăng Quang,Trần Đăng Quang|Nhạc trẻ
2966,Tình Nhân Có Đôi Chúng Ta,Vũ Xuân Hùng,Nhạc ngoại|Lời Việt|Vũ Xuân Hùng
2967,Đi lễ đầu năm,Vinh Sử,Bolero
2968,Tìm Người Thương Em,Lục Hòa|Nghị Viện,Dân ca trữ tình quê hương
2969,Thu phai,Lê Quang,Hoàng Tuấn|Nhạc trữ tình|Lê Quang
2970,Mẹ Trẻ,Lộn Xộn Band,Lộn Xộn Band|Nhạc trẻ
2971,Little Sài Gòn,Khúc Lan,Nhạc ngoại lời Việt
2972,Cứ Bỏ Mặc Anh,Nguyễn Quốc Cường|Toàn Vũ,Nhạc trẻ
2973,Xóa mờ cuộc tình,Giao Tiên|Hương Vũ,Nhạc trữ tình
2974,Người tình Johnny,Khúc Lan,Nhạc ngoại lời Việt
2975,Tình si (Si tình),Khúc Lan,Nhạc ngoại lời Việt
2976,Kiếp Lang Thang,Nguyên Minh,Thánh ca
2977,Củi Tre Dễ Nấu Chồng Xấu Dễ Xài,Đông Phương Tường,Bolero
2978,Từ ngày xa thành phố,Hà Phương,Bolero
2979,Ngàn hoa dâng Mẹ,Sr. Hiền Hòa,Sr. Hiền Hòa|Nhạc thánh ca
2980,Bông hồng cài áo trắng,Nguyễn Văn Đông,Trữ tình
2981,Bay Lên Tình Yêu,Dương Khắc Linh,"Pop, Ballad"
2982,Mọi Chuyện Đều Là Lỗi Do Em,Trần Đăng Quang,Trần Đăng Quang|Nhạc trẻ
2983,Bạc Tình Đời,Yamix Hầu Ca,Yamix Hầu Ca
2984,Lạy Đức Maria,Thế Thông,Nhạc thánh ca|Thế Thông
2985,Đắng Nồng Cay,Yến Tatoo,Yến Tatoo|pop
2986,Mộ đời,Anh Bằng,Bolero
2987,Khi người yêu ra đi,Trúc Sinh|Lê Đức Long,Trúc Sinh|Lê Đức Long|Nhạc trữ tình
2988,Lặng,Dee Trần,Nhạc trẻ
2989,Nhớ phải dạ thưa,Nguyễn Văn Chung,Nhạc thiếu nhi
2990,Mưa Có Mang Em Về,Nguyễn Quốc Cường,Nhạc trẻ
2991,Nhớ qua thăm em,Anh Bằng,Bolero
2992,Con trai con gái miền Tây,Đông Phương Tường,Nhạc thiếu nhi
2993,Giữ Mãi Rung Động Đó,Vũ Xuân Hùng,Lời Việt|Nhạc ngoại|Vũ Xuân Hùng
2994,Lụa Là,Onet Music,"Pop, Ballad"
2995,Sông sầu đôi nhánh,Anh Bằng,Bolero
2996,Phút Giây Đầu Tiên,Hamlet Trương,"Nhạc Trẻ,Nhạc Trữ Tình"
2997,Lời xin lỗi muộn màng,Thanh Triết,Bolero|Thanh Triết
2998,Người về bên ấy,Vinh Sử,Bolero
2999,Kẻ lãng du,Minh Khang,Minh Khang|Hoàng Tuấn|Nhạc trữ tình
3000,On Top,Đỗ Hiếu,Nhạc trẻ
3001,Tiếc Nuối,Nguyên Minh,Thánh ca
3002,Màu áo chú bộ đội,Nguyễn Văn Tý,
3003,Anh Vẫn Buồn Như Xưa,Johnny Dũng,Nhạc trữ tình
3004,Tiếng Hát Giữa Khu Vườn,Hamlet Trương,"Nhạc Trẻ,Nhạc Trữ Tình"
3005,Điều Con Muốn Nói,Đông Thiên Đức,Đông Thiên Đức|Ballad|pop
3006,Người Viết Tên Nỗi Buồn,Đông Thiên Đức,"Pop, Ballad"
3007,Em Là Bad Girl Trong Bộ Váy Ngắn,Trần Huyền Diệp,Bolero|Trần Huyền Diệp
3008,Những chiều cô đơn,Khúc Lan,Nhạc ngoại lời Việt
3009,Kết Thúc Được Rồi,Đỗ Hiếu|Freaky,Nhạc trẻ
3010,Bến tình,Khúc Lan,Nhạc ngoại lời Việt
3011,Em tập hành quân,Nguyễn Văn Chung,Nhạc thiếu nhi
3012,Bé Thơ Đi Lễ Chùa,Giác An,Phật giáo|Giác An
3013,Sợi tóc,Anh Bằng,Bolero
3014,Ta Khiến Ta Tự Đau,Đông Thiên Đức,Đông Thiên Đức|Ballad|pop
3015,Xin Cho Tôi Buồn,Nal,Nhạc trẻ
3016,Lấy Vợ,Lộn Xộn Band,Nhạc trẻ|Lộn Xộn Band
3017,Mưa Trên Cây Bằng Lăng,Hamlet Trương,"Nhạc Trẻ,Nhạc Trữ Tình"
3018,Tình trong mưa,Hà Phương,Bolero
3019,Tình Như Cái Bình Bể,Đỗ Nguyên Phúc,Rap|Ballad|Đỗ Nguyên Phúc
3020,Lời Chúc Cho Người Ra Đi,Nguyễn Quốc Cường,Nhạc trẻ
3021,Không Nên Thật Lòng,Hà Nhi,Hà Nhi|Ballad
3022,Quay đầu là bờ,Nguyễn Lê Việt Hùng,Nguyễn Lê Việt Hùng|Nhạc trẻ
3023,Nhìn Lên Thánh Gía,Thế Thông,Thế Thông|Nhạc thánh ca
3024,Bé chúc Tết mọi người,Nguyễn Văn Chung,Nhạc thiếu nhi
3025,Trong lần tái ngộ,Trần Thiện Thanh,Trần Thiện Thanh|Bolero
3026,Đợi chờ,Giao Tiên,Bolero
3027,Giã Từ Qúa Khứ,Thích Nhật Từ,Nhạc phật giáo
3028,Rồi Một Ngày,Vĩnh Phúc,Nhạc thánh ca
3029,Don't Know why,Vũ Tuấn Đức,Vũ Tuấn Đức|Nhạc trữ tình
3030,Sợ Em Chán Anh,Đông Thiên Đức,Đông Thiên Đức|pop|Ballad
3031,Mống chuồn chuồn,Giao Tiên,Bolero
3032,Tình đầu nho nhỏ,Diệp Vàm Cỏ,Ca cổ
3033,Nghe câu giận thương,Phan Phúc Thao,Nhạc trữ tình
3034,Tân cổ 100 phần 100,Đông Phương Tử,Tân cổ
3035,Call Me,Mai Phuong,RnB
3036,Mừng Phật Ra Đời,Giác An,Giác An|Phật giáo
3037,Cố Chấp Hóa Tổn Thương,Jin Tuấn Nam,Pop
3038,Màu tuyệt vọng,Khúc Lan,Nhạc ngoại lời Việt
3039,Về Thăm Chùa Xưa,Giác An,Phật giáo|Giác An
3040,Sự tích Rú Bờng Rú Bể,Phan Phúc Thao,Nhạc trữ tình
3041,Rồi một đêm đó,Phượng Linh,Trữ tình
3042,Đám Cưới Đôi Chim Hồng,Vĩnh Phúc,Nhạc hôn lễ
3043,Xem Nỗi Đau Kia Là Hạnh Phúc,Đông Thiên Đức,pop|Đông Thiên Đức|Ballad
3044,Mừng xuân,Khúc Lan,Nhạc ngoại lời Việt
3045,Nhớ người tha phương,Ngân Giang,Ngân Giang|Nhạc trữ tình
3046,Đớn Đau Anh Vẫn Chờ,Đông Thiên Đức,Đông Thiên Đức|Ballad|pop
3047,Tự Nhiên Cái Tết,Bùi Công Nam,Nhạc trẻ
3048,Nhớ cuộc tình xa,Anh Bằng,Bolero
3049,Cám Ơn Mẹ,Dương Khắc Linh,"Pop, Ballad"
3050,Lời chúc đầu xuân,Nhật Thu,Nhạc trữ tình|Nhật Thu
3051,Đôi bờ thương nhớ,Nguyễn Văn Đông,Trữ tình
3052,Con tàu định mệnh,Lam Phương,Bolero|Lam Phương
3053,Xuân về rồi đó em,Hà Phương,Bolero
3054,Nên Hy Vọng Không,Đỗ Hiếu|Melyd K,"Pop, Rnb, Chill"
3055,Sẽ Mãi Bên Nhau,Dương Khắc Linh,"Pop, Ballad"
3056,Phượng hồng phượng tím,Anh Bằng,Bolero
3057,Đoạn cuối một cuộc tình,Lam Phương,Lam Phương|Bolero
3058,Đừng Để Anh Thấy Em,Trần Đăng Quang,Nhạc trẻ|Trần Đăng Quang
3059,Ngày Em Biết Yêu,Nguyễn Minh Phúc,Nguyễn Minh Phúc
3060,Hy Lễ Tình Yêu,Thế Thông,Nhạc thánh ca|Thế Thông
3061,Những Ngày Mơ,H2K,H2K|Nhạc trẻ
3062,Tìm vết chân xưa,Lam Phương,Bolero|Lam Phương
3063,Sợ Bắt Đầu Sợ Kết Thúc,Đỗ Hiếu,Nhạc trẻ
3064,Khúc ca tình yêu,Sr. Hiền Hòa,Sr. Hiền Hòa|Nhạc thánh ca
3065,My Love Is Gone,Johnny Dũng,Nhạc trữ tình
3066,Người đưa thư đã qua,Trịnh Lâm Ngân,Bolero
3067,Vết thương cuối cùng,Diên An,"Bolero, ĐQ Asia"
3068,Ngày anh đi,Trần Thiện Thanh,Trần Thiện Thanh|Bolero
3069,Con Đi Tìm Cha,Phạm Tôn Tẫn  - Võ sư Huỳnh Anh Hải,Nhạc Thánh Ca
3070,Hoa Liễu Ơ,Hamlet Trương,"Nhạc Trẻ,Nhạc Trữ Tình"
3071,Nếu Đã Là Anh Em,Bùi Công Nam,Nhạc trẻ
3072,Mỗi ngày học một ngày vui,Nguyễn Văn Chung,Nhạc thiếu nhi
3073,Dầu Tiếng Quê Mình,Huỳnh Thanh Hiền,Nhạc Trữ Tình
3074,Một kiếp em vẫn chờ,Khúc Lan,Nhạc ngoại lời Việt
3075,Thiệp Hồng Vu Quy 2,Ngô Huỳnh,Ngô Huỳnh|Bolero
3076,Yêu người không yêu ta,Anh Bằng,Bolero
3077,Duyên thủy ngư,Vinh Sử,Bolero
3078,Cậu Ba,Nguyễn Thanh Phúc (Sakhar),Pop
3079,Mưa bóng mây,Vinh Sử,Bolero
3080,Hoa Duy Nhất,Tạ Hà,Nhạc trẻ
3081,Hình như,Anh Bằng,Bolero
3082,Khu phố ngày xưa,Tú Nhi,Tú Nhi|Bolero
3083,Khi Chúng Ta Không Còn Thương Nhau Nữa,Dương Khắc Linh,"Pop, Ballad"
3084,Bài Ca Vần Đơn,Jay Bach|O Buồn,Nhạc trẻ|O Buồn
3085,Giọt buồn xứ Huế,Thái Ngọc Sơn,Bolero
3086,Anh hai,Nguyễn Văn Chung,Nhạc thiếu nhi
3087,Người Khác,Nguyễn Quốc Cường,Nhạc trẻ
3088,Một lần đến thăm anh,Tuấn Hải,Bolero
3089,Thương về quê cũ,Giao Tiên,Bolero
3090,Tình yêu ngộ nghĩnh,Trần Thiện Thanh,Trần Thiện Thanh|Bolero
3091,Con yêu ai hơn,Nguyễn Văn Chung,Nhạc thiếu nhi
3092,Nếu mai đây,Trúc Hồ,Trúc Hồ|Nhạc trữ tình
3093,Mình Yêu Chậm Thôi,Đỗ Hiếu,Nhạc trẻ
3094,Lời Yêu Sao Ngỏ,Anh Thi,Nhạc Trẻ
3095,Đêm ru tình nhớ,Khúc Lan,Nhạc ngoại lời Việt
3096,Chúa vẫn biết,Sr. Hiền Hòa,Sr. Hiền Hòa|Nhạc thánh ca
3097,Hát cho tình yêu,Khúc Lan,Nhạc ngoại lời Việt
3098,Lớn Rồi Còn Ham Lì Xì,Dương Khắc Linh,"Pop, Ballad"
3099,Chia áo người yêu xa,Phan Ni Tấn,Nhạc trữ tình
3100,Con Gái Của Ba,Lý Bông Dừa,Ca cổ
3101,Ba Vua Hành Khúc,Vĩnh Phúc,Nhạc thánh ca
3102,Người yêu ơi,Võ Hoài Phúc,Hoàng Tuấn|Võ Hoài Phúc|Nhạc trữ tình
3103,Tôi yêu quê tôi,Giao Tiên,Bolero
3104,Tự Tin Để Đứng Vững,Jan Saker,Pop
3105,Dương cầm thu không em,An Thuyên,Dân ca
3106,Đường qua thôn em,Giao Tiên,Bolero
3107,Chuyện lứa đôi,Vinh Sử,Bolero
3108,Mối Tình Xưa,Vũ Xuân Hùng,Vũ Xuân Hùng|Lời Việt|Nhạc ngoại
3109,Dụ ngôn con chiên lạc và đồng bạc bị mất,Sr. Hiền Hòa,Nhạc thánh ca|Sr. Hiền Hòa
3110,Đường tình nhiều lối,Vũ Tuấn Đức,Vũ Tuấn Đức|Nhạc trữ tình
3111,Em Ơi Đành Thôi,Ngắn,Ngắn|Nhạc trẻ
3112,Còn Mãi Tiếng Hát Tôi,Nguyễn Quốc Cường,Nhạc trẻ
3113,Giờ học nhạc,Nguyễn Văn Chung,Nhạc thiếu nhi
3114,Thánh Ý Ngài,Thế Thông,Thế Thông|Nhạc thánh ca
3115,Vào bếp đi Bố ơi,Nguyễn Văn Chung,Nhạc thiếu nhi
3116,Hẹn Gặp Trong Mơ,Hamlet Trương,"Nhạc Trẻ,Nhạc Trữ Tình"
3117,Ánh Mắt Yêu Thương,Thế Thông,Thế Thông|Nhạc thánh ca
3118,Thôi Miên Nỗi Đau,Đông Thiên Đức,Đông Thiên Đức|pop|Ballad
3119,Em Vẫn Yêu Đời,Bùi Công Nam,Nhạc trẻ
3120,Cám ơn em yêu dấu,Vũ Xuân Hùng,"Nhạc ngoại, Lời Việt"
3121,Khi Con Thành Cha,Rica|Pháo,Rica và Pháo|Rap va Pop
3122,Người Lái Trap Sông Đà,Jay Bach|O Buồn,O Buồn|Nhạc trẻ
3123,Đừng Theo Em,Hamlet Trương,"Nhạc Trẻ,Nhạc Trữ Tình"
3124,Lính độc thân,Anh Bằng,Bolero
3125,Tình khúc mong manh,Phú Quang,"Bolero, ĐQ Asia"
3126,Tình ươm nắng hè,Khúc Lan,Nhạc ngoại lời Việt
3127,Mật đắng,Huỳnh Thanh Hiền,Trữ Tình
3128,Chuyện hoa mười giờ 2,Đài Phương Trang,Nhạc trữ tình|Đài Phương Trang
3129,Nguyện ước đời con,Sr. Hiền Hòa,Sr. Hiền Hòa|Nhạc thánh ca
3130,Em tan trường về,Nguyễn Văn Chung,Nhạc thiếu nhi
3131,Bữa cơm mẹ nấu,Nguyễn Văn Chung,Nhạc thiếu nhi
3132,Chuyến đò dang dở,Ngọc Sơn,Bolero|Ngọc Sơn
3133,Tuổi tóc mây,Trịnh Lâm Ngân,Bolero
3134,Thiên hạ vô song,Nguyễn Duy Tùng,Nhạc Hoa
3135,Rồi Mọi Thứ Sẽ Trở Lại Bình Thường,Hamlet Trương,"Nhạc Trẻ,Nhạc Trữ Tình"
3136,Cô Thắm tuyệt vời,Giao Tiên,Bolero
3137,Hoa đầu mùa,Lam Phương,Lam Phương|Bolero
3138,Chuyến Ghe Cà Mau,Hoàng Tùng,Nhạc trữ tình
3139,Em như búp sen hồng,Nguyễn Văn Chung,Nhạc thiếu nhi
3140,Chờ đợi nửa vầng trăng,Vinh Sử,Bolero
3141,Bừng Sáng,Giác An,Giác An|Phật giáo
3142,Em 20,Winno,Rap
3143,Vợ Tương Lai,Bùi Công Nam,Nhạc trẻ
3144,Yêu Thật Lòng Vẫn Sai,Đỗ Hiếu,Nhạc trẻ
3145,Nếu Không Phải Tôi,Lộn Xộn Band,Lộn Xộn Band|Nhạc trẻ
3146,Sau Một Lời Hứa,Nguyễn Quốc Cường,Nhạc trẻ
3147,Thử Một Lần Cùng Nhau,Lộn Xộn Band,Nhạc trẻ|Lộn Xộn Band
3148,Đánh Mất Lời Hứa,Nguyễn Quốc Cường,Nhạc trẻ
3149,Cho em mãi được yêu,Khúc Lan,Nhạc ngoại lời Việt
3150,Người hùng cô đơn,Anh Bằng,Bolero
3151,Khúc ca tình sầu,Anh Bằng,Bolero
3152,Giã từ Đà Lạt,Duy Khánh,Bolero|Duy Khánh
3153,Kinh Chiều,Giác An,Giác An|Phật giáo
3154,Nhạc Chuông Giáng Sinh,Vĩnh Phúc,Nhạc thánh ca
3155,Giữ,Lâm Temboys,Nhạc trẻ
3156,Người Trong Đau Khổ Vẫn Cười,Hamlet Trương,"Nhạc Trẻ,Nhạc Trữ Tình"
3157,Vọng Tình Tan,Nal,Nhạc trẻ
3158,Bên Em Là Biển Rộng,Bảo Chấn,Nhạc nhẹ|Bảo Chấn
3159,Chỉ Là Cái Cớ,Trần Đăng Quang,Trần Đăng Quang|Nhạc trẻ
3160,"Gọi tên em, Hà Nội",Anh Bằng,Bolero
3161,Trái tim ngoan,Anh Bằng,Bolero
3162,Có Ai Đi Hoài Một Lối,Thanh Hưng,Thanh Hưng|pop
3163,Bài Hát Cho Em,Nguyễn Quốc Cường,Nhạc trẻ
3164,Hai Dòng Nước Mắt,Đông Thiên Đức,pop|Ballad|Đông Thiên Đức
3165,Sài Gòn kỷ niệm,Anh Bằng,Bolero
3166,Đừng Khờ Quá Thế,Vũ Xuân Hùng,Lời Việt|Nhạc ngoại|Vũ Xuân Hùng
3167,Buồn tình hát lý mù u,Hà Phương,Bolero
3168,Đi Tìm Người Yêu,Dương Khắc Linh,"Pop, Ballad"
3169,Chua Xót Cho Nhau,Anh Thi,Ballad
3170,Kiếp Yêu Thầm,Hamlet Trương,"Nhạc Trẻ,Nhạc Trữ Tình"
3171,Về quê mình,Nguyễn Ngọc Thịnh,Nhạc trữ tình
3172,Chủ nhật náy trẫm nhớ ái khanh không,Trần Thiện Thanh|Nhất Tuấn,Nhất Tuấn|Bolero|Trần Thiện Thanh
3173,Hương rừng Cà Mau,Hà Phương,Bolero
3174,Xếp Nỗi Đau Vào Quá Khứ,Lâm Temboys,Nhạc trẻ
3175,Sinh nhật của bé,Nguyễn Văn Chung,Nhạc thiếu nhi
3176,To The Other Side,DJ Hoàng Anh,Dance / Electro Pop
3177,Ơn Cha Nghĩa Mẹ,Thế Thông,Nhạc thánh ca|Thế Thông
3178,Ánh sao tình nhân,Trung Quân,Trung Quân|Hoàng Tuấn|Nhạc trữ tình
3179,Mèo hoang,Đăng Minh,Ca cổ
3180,Tháng 6 Trôi Đi Thật Nhanh,Reddy,Nhạc trẻ
3181,Định Mệnh Anh Yêu Em,Dương Khắc Linh,"Pop, Ballad"
3182,Em Phải Ra Đi,Nguyễn Quốc Cường|Tôn Kỳ Nam,Nhạc trẻ
3183,Em Sẽ Sống Vì Em,Nguyễn Hoài Anh,Pop
3184,Tình Yêu Không Có Lỗi Lỗi Ở Bạn Thân,Đông Thiên Đức,Ballad|pop|Đông Thiên Đức
3185,Đời Nghệ Sĩ,Ngô Huỳnh,Bolero|Ngô Huỳnh
3186,Thiên Thần tội lỗi,Sỹ Đan,Sỹ Đan|Nhạc trữ tình
3187,Ước mơ,Vinh Sử,Bolero
3188,Mời Bạn Đến Chơi,Tiến Nguyễn,Nhạc thiếu nhi
3189,Nước mắt mẹ tôi,Anh Bằng,Bolero
3190,Mùa vú sữa,Ngô Hồng Khanh,Ca cổ
3191,Em về,Trúc Sinh|Đặng Hiền,Nhạc trữ tình|Đặng Hiền|Trúc Sinh
3192,Và hôm nay,Trúc Hồ,Nhạc trữ tình|Trúc Hồ
3193,Tết Xa Nhà Trong Tim Ta,Athena Music,Athena Music|pop
3194,Chỉ Khi Mất Đi,Trần Đăng Quang,Trần Đăng Quang|Nhạc trẻ
3195,Món Quà Đầu Tiên,Dương Khắc Linh,"Pop, Ballad"
3196,Em hồng nhung rât lạ,Trúc Hồ|Đặng Hiền|Vũ Tuấn Đức,Trúc Hồ|Đặng Hiền|Nhạc trữ tình|Vũ Tuấn Đức
3197,Cô bé bán diêm,Nguyễn Văn Chung,Nhạc thiếu nhi
3198,Sông quê rước dâu,Vinh Sử,Bolero
3199,Hương thời gian,Khúc Lan,Nhạc ngoại lời Việt
3200,Chúc Tết Bình An,Bùi Công Nam,Nhạc trẻ
3201,Mưa đã sang rồi em có hay,Anh Bằng,Bolero
3202,Giọt nước mắt đầu tiên,Lam Phương,Bolero|Lam Phương
3203,Như Bản Tình Ca,Jay Bach|Hưng Cao,Nhạc trẻ|Hưng Cao
3204,Mãi Chờ Anh,Anh Thi,Nhạc Trẻ
3205,Người Quan Tâm Em Nhất,Phạm Sắc Lệnh,Phạm Sắc Lệnh
3206,Khắc Tình Yêu Vào Huyền Thoại,Đông Thiên Đức,Đông Thiên Đức|pop|Ballad
3207,Trăng sao,Lê Đức Long|Hàn Quân Thúy,Lê Đức Long|Nhạc trữ tình|Hàn Quân Thúy
3208,Mẹ Ơi Xin Lỗi,Hamlet Trương,"Nhạc Trẻ,Nhạc Trữ Tình"
3209,Cây Hương,Ngô Sỹ Ngọc,Nhạc trữ tình
3210,Bánh chưng bánh tét,Nguyễn Văn Chung,Nhạc thiếu nhi
3211,Đêm Nay Ai Khóc Cho Anh,Đông Thiên Đức,pop|Ballad|Đông Thiên Đức
3212,Cùng hát vang,Nguyễn Ngọc Thiện,Nhạc trữ tình|Nguyễn Ngọc Thiện|Hoàng Tuấn
3213,Sang Thôn Rước Nàng,Quách Duy Thái (Hoon),Pop
3214,Quê hương ai cũng đẹp,Nguyễn Văn Chung,Nhạc thiếu nhi
3215,Xin Tình Yêu Quay Về,Đỗ Hiếu,Nhạc trẻ
3216,Ôi quê nhà,Phan Ni Tấn,Nhạc trữ tình
3217,Một Phút Và Rất Lâu,Hamlet Trương,"Nhạc Trẻ,Nhạc Trữ Tình"
3218,Chẳng Biết Nói Gì Ngoài Những Lời Yêu,Jiki X|Nguyên Jenda,pop|Nguyên Jenda|Jiki X
3219,Vu Lan trắng,Phạm Hưng,Bolero|Phạm Hưng
3220,Xuân Yêu Đời,Thế Thông,Nhạc thánh ca|Thế Thông
3221,Bão Tình,Hoàng Trọng|Lan Đình,"Bolero, ĐQ Asia"
3222,Kinh Chiều,Giác An,Giác An|Phật giáo
3223,Yêu như Chúa đã yêu,Sr. Hiền Hòa,Nhạc thánh ca|Sr. Hiền Hòa
3224,Tình Mẹ Yêu Con,Nguyên Minh,Thánh ca
3225,Quãng Đời Còn Lại,Mai Phin|Mã Lương (马良),Pop
3226,Thành Phố Đón Mưa Về,TaynguyenSound,TaynguyenSound|Nhạc trẻ
3227,Cám Ơn Em,Trần Nguyễn Gia Bảo,Pop
3228,Đừng khóc chi em,Hoàng Cầm|Hoàng Văn Bằng,Bolero
3229,Anh Là Mặt Trời,Vũ Xuân Hùng,Nhạc ngoại|Vũ Xuân Hùng|Lời Việt
3230,Mùa xuân nào ta về,Lam Phương,Bolero|Lam Phương
3231,Tiếng Đàn,Trần Trịnh,Bolero
3232,Vì Bạn Là Cả Thế Giới,Bùi Công Nam,Nhạc trẻ
3233,Hạnh phúc trong tầm tay,Lam Phương,Bolero|Lam Phương
3234,Lấy Chồng Miền Tây,Hồ Minh Tài,Dân ca
3235,Xơ Cồ Cây,Lộn Xộn Band,Nhạc trẻ|Lộn Xộn Band
3236,Làm Anh Trai Có Gì Sai,Hamlet Trương,"Nhạc Trẻ,Nhạc Trữ Tình"
3237,Em Đã Có Người Mới,Bùi Công Nam,Nhạc trẻ
3238,Điệu lý cho nhau,Diệp Vàm Cỏ,Ca cổ
3239,Đêm hôm đó,Bằng Giang,Bolero
3240,Khúc mưa buồn,Trúc Hồ,"Bolero, ĐQ Asia"
3241,Noel Đêm Hồng Phúc,Thế Thông,Nhạc thánh ca|Thế Thông
3242,Hãy ôm em đi,Vinh Sử,Bolero
3243,Niềm vui không trọn vẹn,Lam Phương,Lam Phương|Bolero
3244,Có nhớ đêm nào,Khánh Băng,"Bolero, ĐQ Asia"
3245,Xuân trên quê hương,Huỳnh Thanh Hiền,Trữ Tình
3246,Thẹn thùng,Tô Thanh Sơn,Bolero
3247,Đánh cờ người,Anh Bằng,Bolero
3248,Ngày Có Cầu Vồng,Dương Khắc Linh,"Pop, Ballad"
3249,Buồn giăng lối đêm,Khúc Lan,Nhạc ngoại lời Việt
3250,Lỗi Của Mưa,Hamlet Trương,"Nhạc Trẻ,Nhạc Trữ Tình"
3251,Thiên đường không xa,Thanh Tùng,Nhạc trữ tình|Thanh Tùng|Hoàng Tuấn
3252,Rồi Mình Cũng Xa Lạ,Vũ Xuân Hùng,Nhạc ngoại|Vũ Xuân Hùng|Lời Việt
3253,Huế Trong Tôi,Phạm Tôn Tẫn  - Lê Xuân Thơm,Nhạc Trữ tình quê hương
3254,Cay đắng tình tôi,Vũ Tuấn,Bolero|Vũ Tuấn
3255,Trả Lại Đời Nhau,Vũ Xuân Hùng,Lời Việt|Nhạc ngoại|Vũ Xuân Hùng
3256,Tóc gió thôi bay,Trần Tiến,"Bolero, ĐQ Asia"
3257,Thiếu Một Tình Yêu,Dương Khắc Linh,"Pop, Ballad"
3258,Ly cà phê kỷ niệm,Viên Nghiệp,Bolero|Viên Nghiệp
3259,Có em về,Vinh Sử,Bolero
3260,Ăn cơm cho thật ngoan,Nguyễn Văn Chung,Nhạc thiếu nhi
3261,Trái Sầu Đầy,Trần Trịnh,Bolero
3262,Mùa thu nhớ ai,Khúc Lan,Nhạc ngoại lời Việt
3263,Xích lại gần nhau,Vinh Sử,Bolero
3264,Bắt Cá Không Anh,Đỗ Hiếu,Nhạc trẻ
3265,Xuân và tuổi trẻ,La Hối,"Bolero, ĐQ Asia"
3266,Lễ dâng giáng sinh,Sr. Hiền Hòa,Sr. Hiền Hòa|Nhạc thánh ca
3267,Tiểu cô nương,Lê Đức Long|Nguyễn Nam An,Nhạc trữ tình|Nguyễn Nam An|Lê Đức Long
3268,Nụ hôn bên anh,Khúc Lan,Nhạc ngoại lời Việt
3269,Mất tim,Anh Bằng,Bolero
3270,Tình tôi mới lớn,Trần Quảng Nam,Nhạc trữ tình
3271,Để Mị Ăn Tết,Bùi Công Nam,Nhạc trẻ
3272,Phút Giây Bên Nhau,Dương Khắc Linh,"Pop, Ballad"
3273,Sinh mệnh,Nhật Hoàng,Pop
3274,Đừng Để Anh Đánh Rơi Em Này,Max Vol,Nhạc trẻ
3275,Ngày nào đó,Bằng Giang,Bolero
3276,Giai Điệu Hạnh Phúc,Hamlet Trương,"Nhạc Trẻ,Nhạc Trữ Tình"
3277,Có một ngày,Anh Bằng,Bolero
3278,Tình Ghen,Vũ Xuân Hùng,Lời Việt|Vũ Xuân Hùng|Nhạc ngoại
3279,Cánh phượng hồng thuở xưa,Anh Bằng,Bolero
3280,Bài hát sau cùng,Vinh Sử,Bolero
3281,Ngài Bảo Gì Con Hãy Làm Theo,Thế Thông,Thế Thông|Nhạc thánh ca
3282,Qua Đêm Nay,Minh Thùy|Nguyễn Quốc Cường,Nhạc trẻ
3283,Mộng nhỏ ngày xưa,Trần Thiện Thanh,Trần Thiện Thanh|Bolero
3284,Ngẩn ngơ sầu,Giao Tiên,Bolero
3285,Peaceful Morning,Mr Chill,Lofi 
3286,Cô Tấm Ngày Nay (Tâm Sắc Tấm OST),Bùi Công Nam,Nhạc trẻ
3287,Nửa ổ bánh mì thừa,Nguyễn Văn Chung,Nhạc thiếu nhi
3288,Bài ca giã từ,Khúc Lan,Nhạc ngoại lời Việt
3289,Nỗi niềm xa quê,Nguyễn Ngọc Thịnh,Nhạc trữ tình
3290,Tình bể dâu,Hoàng Phương,Bolero
3291,Nỗi lòng cô Thắm,Giao Tiên,Bolero
3292,Tình làng quê,An Thuyên,Dân ca
3293,Trắng,Trần Quảng Nam,Nhạc trữ tình
3294,Anh khí tượng,Vinh Sử,Bolero
3295,Còn có bao giờ em nhớ ta,Anh Bằng,Bolero
3296,Trả Lại Em,Giao Tiên,Nhạc trữ tình
3297,Hữu Duyên Vô Phận,Hoàng Lan,Ballad|Hoàng Lan|pop
3298,Mất,Lam Phương,Bolero|Lam Phương
3299,Hiến dâng trong mưa,Khúc Lan,Nhạc ngoại lời Việt
3300,Mang kiếp cầm ca,Vũ Tuấn,Bolero|Vũ Tuấn
3301,Tình ơi có hay,Khúc Lan,Nhạc ngoại lời Việt
3302,Hạnh phúc nhỏ nhoi,Khúc Lan,Nhạc ngoại lời Việt
3303,Chuyến phà kỷ niệm,Vũ Phương,Vũ Phương|Bolero
3304,Qua Cầu Rút Ván,Lương Gia Hùng,Pop
3305,Tình khúc mộng cầm,Nhật Thu,Nhật Thu|Nhạc trữ tình
3306,Người Đã Yêu Ai,Đông Thiên Đức,pop|Ballad|Đông Thiên Đức
3307,Yêu Tồn Tại,Trần Đăng Quang,Nhạc trẻ|Trần Đăng Quang
3308,Khi yêu em sẽ hiểu,Nhật Hoàng,Nhật Hoàng|Nhạc trẻ
3309,Mừng anh chiến sĩ,Duy Khánh,Duy Khánh|Bolero
3310,Làng Chăm quê em,Tú Nhi,Tú Nhi|Bolero
3311,Toả Sáng Việt Nam,Bùi Công Nam,Nhạc trẻ
3312,Liệu Những Giấc Mơ,Nam Đức,Nam Duc|Nhạc trẻ
3313,Anh nhớ về thăm em,Trần Thiện Thanh,Bolero|Trần Thiện Thanh
3314,Một Đoạn Đường Một Tình Yêu,Nguyễn Quốc Cường,Nhạc trẻ
3315,Bóng Tối Và Ánh Sáng,Giác An,Giác An|Phật giáo
3316,Người lính không quân trang,Trần Thiện Thanh,Bolero|Trần Thiện Thanh
3317,Không Cần Thiết,Lâm Temboys,Nhạc trẻ
3318,Lễ Dâng Tình Hồng,Thế Thông,Nhạc thánh ca|Thế Thông
3319,Cưới Liền Đi Em,Hồ Minh Tài,Dân ca
3320,Nàng tiên của anh,Lam Phương,Lam Phương|Bolero
3321,Anh Không Muốn Quên,Đông Thiên Đức,Ballad|Đông Thiên Đức|pop
3322,Một thời hoa mộng,Lam Phương,Lam Phương|Bolero
3323,Bãi nắng,Lam Phương,Bolero|Lam Phương
3324,Mấy Khi Mà Sướng Thế Này,Bùi Công Nam,Nhạc trẻ
3325,Đoạn cuối tình yêu,Tú Nhi,Tú Nhi|Bolero
3326,Dù biết thế,Tuấn Hải,Bolero
3327,Giấc Mơ Tuyệt Vời,Bảo Chấn,Nhạc nhẹ|Bảo Chấn
3328,Từ Hôm Nay,RonOST,Pop
3329,Tình yêu có khi,Mai Anh Việt,"Bolero, ĐQ Asia"
3330,Em bé vớt lon bia,Đăng Minh,Ca cổ
3331,Vì Sao Anh Cố Giấu,Dương Khắc Linh,"Pop, Ballad"
3332,Cứ Đi Rồi Sẽ Đến,Dương Khắc Linh,"Pop, Ballad"
3333,Niềm đau giã từ,Khúc Lan,Nhạc ngoại lời Việt
3334,Buồn hãy đi di,Trúc Giang|Trúc Sinh,Trúc Sinh|Nhạc trữ tình|Trúc Giang
3335,Ly rượu đắng cay,Tú Nhi,Bolero|Tú Nhi
3336,Để vừa lòng anh,Vinh Sử,Bolero
3337,Em Không Cần Anh Đâu,Dương Khắc Linh,"Pop, Ballad"
3338,Cảm Ơn Người Yêu Cũ,Đông Thiên Đức,Ballad|Đông Thiên Đức|pop
3339,Mùa thu đã qua,Lê Quang,Lê Quang|Nhạc trữ tình|Hoàng Tuấn
3340,Vì Sao Em Lại Yêu Anh,Lý Bông Dừa,Ca cổ
3341,Khi mùa xuân trở lại,Khúc Lan,Nhạc ngoại lời Việt
3342,Viết dành cho anh,Ngọc Liên,Nhạc trữ tình
3343,Con Cò Con Cá,Lam Phương,Lam Phương|Bolero
3344,Chơi năm mười,Vinh Sử,Bolero
3345,Một Đóa Bâng Khuâng Màu E Ấp,Trần Trịnh,Bolero
3346,Tình Khúc Dâng Hoa,Thế Thông,Nhạc thánh ca|Thế Thông
3347,Tiếng Yêu Dĩ Vãng,Johnny Dũng,Nhạc trữ tình
3348,Tình khóc,Hoàng Phương,Bolero
3349,Mùa Thu Tôi Thích,Lộn Xộn Band,Nhạc trẻ|Lộn Xộn Band
3350,Chưa Quên Được,Bùi Công Nam,Nhạc trẻ
3351,Tình hè,Lam Phương,Lam Phương|Bolero
3352,Giống Anh Nhưng Không Phải Là Anh,Hamlet Trương,"Nhạc Trẻ,Nhạc Trữ Tình"
3353,Tình yêu xa vời,Nguyễn Ngọc Thiện,Nhạc trữ tình|Hoàng Tuấn|Nguyễn Ngọc Thiện
3354,Không có em chiều nay,Trúc Sinh|Lê Đức Long,Lê Đức Long|Trúc Sinh|Nhạc trữ tình
3355,Chờ Anh Em Nhé,Hamlet Trương,"Nhạc Trẻ,Nhạc Trữ Tình"
3356,Anh Đau Từ Lúc Em Đi,Trần Mạnh Cường,Pop
3357,Đành Quên Dĩ Vãng (Xóa Nhòa Dĩ Vãng),Nguyễn Quốc Cường,Nhạc trẻ
3358,Người Thứ Ba,Lý Bông Dừa,Ca cổ
3359,Bóng nắng,Trần Thiện Thanh,Bolero|Trần Thiện Thanh
3360,Ru Cha,Phạm Tôn Tẫn,Nhạc Thánh Ca
3361,Ba Làng 60 năm Hồng Ân,Sr. Hiền Hòa,Sr. Hiền Hòa|Nhạc thánh ca
3362,Trở Lại,Đông Thiên Đức,Đông Thiên Đức|Ballad|pop
3363,Tình phụ,Chế Phi,Nhạc trữ tình
3364,Hãy Cho Em Gần Anh,Dương Khắc Linh,"Pop, Ballad"
3365,Vĩnh biệt em,Trần Thiện Thanh,Bolero|Trần Thiện Thanh
3366,Xin Cho Anh Được Yêu,Đỗ Hiếu,Nhạc trẻ
3367,Con Tìm Và Gặp Phật,Thích Nhật Từ,Nhạc phật giáo
3368,Con Đông Chưa Chắc Được Nhờ,Hồ Minh Tài,Dân ca
3369,Ngàn Mắt Ngàn Tay,Giác An,Phật giáo|Giác An
3370,Bố ơi mình đi đâu thế,Nguyễn Văn Chung,Nhạc thiếu nhi
3371,Đợi nắng,Lam Phương,Bolero|Lam Phương
3372,Giáng Sinh Yêu Thương,Phạm Tôn Tẫn,Nhạc Giáng Sinh
3373,Vì còn yêu,Hùng Linh,Bolero
3374,Mệt Rồi Thì Thôi,Đông Thiên Đức,Ballad|pop|Đông Thiên Đức
3375,Ngày mình thôi yêu nhau,Trịnh Lâm Ngân,Bolero
3376,Những ngày hoa mộng,Khúc Lan,Nhạc ngoại lời Việt
3377,Thân nghèo nào dám trách ai,Vũ Tuấn,Bolero|Vũ Tuấn
3378,Tình yêu cách trở,Tú Nhi,Tú Nhi|Bolero
3379,Tự bảo vệ chính mình,Nguyễn Văn Chung,Nhạc thiếu nhi
3380,Ngày đó xa rồi,Tú Nhi,Tú Nhi|Bolero
3381,Chờ Ngày Nắng Lên,Đông Thiên Đức,Đông Thiên Đức|pop|Ballad
3382,Hạnh Phúc Mãi Mãi,Dương Khắc Linh,"Pop, Ballad"
3383,Từ ngày có em,Nguyễn Ngọc Thiện,Hoàng Tuấn|Nguyễn Ngọc Thiện|Nhạc trữ tình
3384,Vâng Nghe Thánh Thần 2,Thế Thông,Nhạc thánh ca|Thế Thông
3385,Cha yêu,Quốc Vượng,"Bolero, ĐQ Asia"
3386,Phố Mùa Đông,Bảo Chấn,Nhạc nhẹ|Bảo Chấn
3387,Đời Ca Sĩ,Dương Khắc Linh,"Pop, Ballad"
3388,Dáng xuân xưa,Nguyễn Văn Đông,Trữ tình
3389,Tình Hờ,Hamlet Trương,"Nhạc Trẻ,Nhạc Trữ Tình"
3390,Đường Về Quê,Hamlet Trương,"Nhạc Trẻ,Nhạc Trữ Tình"
3391,Tiếng Gọi Tình Yêu,Thế Thông,Thế Thông|Nhạc thánh ca
3392,Sau không giờ,Vinh Sử,Bolero
3393,Không Tán Tỉnh Em Đâu,TaynguyenSound,TaynguyenSound|Nhạc trẻ
3394,Hãy trả lời em đi anh,Trần Thiện Thanh|Nhật Bằng,Trần Thiện Thanh|Nhật Bằng|Bolero
3395,Thiên đường đã mất,Lê Quang,Lê Quang|Hoàng Tuấn|Nhạc trữ tình
3396,Dạo Này Bọn Anh Đang Rất Buồn,Lộn Xộn Band,Lộn Xộn Band|Nhạc trẻ
3397,Bạc Tình Khúc,Vũ Xuân Hùng,Vũ Xuân Hùng|Nhạc ngoại|Lời Việt
3398,Song buồn khép kín mắt người yêu,Hà Phương,Bolero
3399,Một Chữ Duyên Chưa Đủ,Nguyễn Quốc Cường|Nhạc Hoa,Nhạc trẻ
3400,Duyên lỡ bến chờ,Phong Lê,Nhạc trẻ|Phong Lê
3401,Xuân Trong Ánh Đạo,Giác An,Phật giáo|Giác An
3402,Đêm Vàng,Trần Trịnh,Bolero
3403,Tình vỗ cánh ngàn,Khúc Lan,Nhạc ngoại lời Việt
3404,Bông Đùa,Chuy Blue,Chuy Blue
3405,Xuân này con vẫn chưa về,Phan Phúc Thao,Dân ca
3406,Follow The Sun,Mr Chill,Lofi 
3407,Nàng BURAM,Vinh Sử,Bolero
3408,Em vẫn mơ,Vũ Tuấn Đức,Vũ Tuấn Đức|Nhạc trữ tình
3409,Sau Ngày Mưa,Trần Đăng Quang,Nhạc trẻ|Trần Đăng Quang
3410,Chào Năm Mới Sang,Nguyễn Quốc Cường,Nhạc trẻ
3411,Lấy Chi Đáp Đền,Thế Thông,Thế Thông|Nhạc thánh ca
3412,Hỏi nàng bán chiếu Gon,Vinh Sử,Bolero
3413,Giữa hai mùa mưa nắng,Trúc Hồ,Trúc Hồ|Nhạc trữ tình
3414,Đi Qua Mùa Đông,Nguyễn Quốc Cường,Nhạc trẻ
3415,Lỡ làng,Phạm Khải Tuấn,Nhạc trữ tình|Phạm Khải Tuấn
3416,Quên,Lam Phương,Lam Phương|Bolero
3417,Cái Ghe Màu Hồng,Nguyễn Hữu Trí,Pop
3418,Nếu Thời Gian Trở Lại,Dương Khắc Linh,"Pop, Ballad"
3419,Một Ngày Mùa Đông,Bảo Chấn,Bảo Chấn|Nhạc nhẹ
3420,Khoan Cho Anh Ngủ,Lộn Xộn Band,Lộn Xộn Band|Nhạc trẻ
3421,Cánh thư xuân,Khúc Lan,Nhạc ngoại lời Việt
3422,Thư Em,Đỗ Kim Bảng,Nhạc vàng
3423,Ở Đâu Có Điểm Tựa Ở Đó Có Tết,Bùi Công Nam,Nhạc trẻ
3424,Hoài thương,Vũ Phương,Vũ Phương|Bolero
3425,Xuân Bốn Ngàn Năm Văn Hiến,Giao Tiên,Nhạc trữ tình
3426,Ngài Phải Lớn Lên (hợp xướng),Thế Thông,Thế Thông|Nhạc thánh ca
3427,Liên Minh Chống Covid,H2K,H2K|Nhạc trẻ
3428,Không còn ai yêu anh như em đã yêu anh,Vũ Tuấn Đức,Nhạc trữ tình|Vũ Tuấn Đức
3429,Cảm Ơn Thanh Xuân,Reddy,Nhạc trẻ
3430,Hoàng Thành,Tạ Hà,Nhạc trẻ
3431,Noel Đầu Tiên,Vĩnh Phúc,Nhạc thánh ca
3432,Về Chung Một Lối,Hamlet Trương,"Nhạc Trẻ,Nhạc Trữ Tình"
3433,Cám ơn Phật,Anh Bằng,Bolero
3434,Thương con,Lam Phương,Lam Phương|Bolero
3435,Buồn xa nhà,Anh Bằng,Bolero
3436,Yêu Thương Phai Nhòa,Đỗ Hiếu,Nhạc trẻ
3437,Vầng trăng,Vinh Sử,Bolero
3438,Theo chồng,Giao Tiên,Bolero
3439,Em phải nàng xuân,Vinh Sử,Bolero
3440,Xin Mãi Bên Con,Thế Thông,Thế Thông|Nhạc thánh ca
3441,Khúc Tình Ca,RonOST,"J-pop, ballad"
3442,Sống Lời Chúa,Thế Thông,Thế Thông|Nhạc thánh ca
3443,Tình Cay Đắng,Johnny Dũng,Nhạc trữ tình
3444,Nói cùng Tô Thị,Ngô Sỹ Ngọc,Nhạc trữ tình
3445,Thân Nhất Trên Đời,Vĩnh Phúc,Nhạc thánh ca
3446,Feel Gud,Mai Phuong,Pop
3447,Lời Dạy Của Cha,Huệ Đức|Giác An,Huệ Đức|Phật giáo|Giác An
3448,Rạng Ngời Vẻ Đẹp Không Tuổi,Bùi Công Nam,Nhạc trẻ
3449,Sao em không nhìn anh,Thùy Linh,Trữ tình
3450,Trái cấm,Anh Bằng,Bolero
3451,Cố Chấp Yêu,Nguyễn Quốc Cường|Nhạc Hoa,Nhạc trẻ
3452,Tết ơi là Tết,Nguyễn Văn Chung,Nhạc thiếu nhi
3453,Khỏi Phải Makeup,Bùi Công Nam,Nhạc trẻ
3454,Cơn mưa chiều chia tay,Lê Quang,Nhạc trữ tình|Lê Quang|Hoàng Tuấn
3455,Trái tim trinh nữ,Vinh Sử,Bolero
3456,Ngày em đi lấy chồng,Vũ Tuấn Đức,Vũ Tuấn Đức|Nhạc trữ tình
3457,Đỉnh Trời Xót Thương,Thế Thông,Thế Thông|Nhạc thánh ca
3458,Tiếng anh đâu có khó,Nguyễn Văn Chung,Nhạc thiếu nhi
3459,Bé học hình dạng,Nguyễn Văn Chung,Nhạc thiếu nhi
3460,Chúa Là Sức Mạnh,Thế Thông,Nhạc thánh ca|Thế Thông
3461,Thần tượng,Anh Bằng,Bolero
3462,I Need To Know,Johnny Dũng,Nhạc trữ tình
3463,Khóc Vì Em,Trần Nghiệp Hoàng,Trần Nghiệp Hoàng|Bolero
3464,Tinh yeu dau chim,Anh Bằng,Bolero
3465,Về với mẹ,Vũ Phương,Vũ Phương|Bolero
3466,Cô Thắm gặp tình nhân,Giao Tiên,Bolero
3467,Em về miền quê xa,Hà Phương,Bolero
3468,Nơi Con Tim Bình Yên,Dương Khắc Linh,"Pop, Ballad"
3469,Sương Phủ Đường Khuya (Sương đêm ),Đỗ Kim Bảng,Nhạc vàng
3470,Dấn Thân Vào Nước Mắt,Hamlet Trương,Pop
3471,Ba Claims The Painting,Dương Khắc Linh,"Pop, Ballad"
3472,Refuge In The Village,Dương Khắc Linh,"Pop, Ballad"
3473,Ngập ngừng,Anh Bằng,Bolero
3474,Vườn Hoa Của Bé,Tú Anh,Thiếu Nhi
3475,Để gió cuốn đi cuộc tình,Vũ Tuấn Đức,Nhạc trữ tình|Vũ Tuấn Đức
3476,Khúc tình xuân,Lê Quốc Dũng,Hoàng Tuấn|Lê Quốc Dũng|Nhạc trữ tình
3477,Ngày Mưa Năm Ấy,Lê Hiền Đức,Nhạc trẻ
3478,Lời hai mươi,Ngọc Sơn,Ngọc Sơn|Bolero
3479,Ngày Này Năm Trước,Đông Thiên Đức,pop|Ballad|Đông Thiên Đức
3480,Niềm thương trở giấc,Hàn Châu,Bolero|Hàn Châu
3481,Người về Em - mau,Sr. Hiền Hòa,Nhạc thánh ca|Sr. Hiền Hòa
3482,Hạnh Phúc Trong Em,Dương Khắc Linh,"Pop, Ballad"
3483,Sầu ly hương,Lam Phương,Lam Phương|Bolero
3484,Về đâu cánh chim biển,Vinh Sử,Bolero
3485,Con Chuột Đồng,Đông Phương Tường,Bolero
3486,Kể chuyện đêm vô cùng,Anh Bằng,Bolero
3487,Ta mất nhau rồi,Nguyễn Duy Tùng,Nhạc Hoa
3488,Đông Mang,Phúc Chinh,"Pop, Ballad"
3489,Tính Chuyện Mai Sau,Hồng Quân WyTy,Pop
3490,Chuyến tàu về quê hương,Giao Tiên,Bolero
3491,Kể chuyện đêm vô cùng,Anh Bằng,Bolero
3492,Em vẫn sầu (Anh vẫn sầu),Khúc Lan,Nhạc ngoại lời Việt
3493,Điên Tình,Đông Phương Tường,Bolero
3494,Ready Eat Go,Dương Khắc Linh,"Pop, Ballad"
3495,Tiểu Khúc,Diệp Vàm Cỏ,Ca cổ
3496,Lỡ chuyến đò chiều,Vũ Phương,Vũ Phương|Bolero
3497,Chết Một Tình Yêu,Vũ Tuấn Đức,Nhạc trữ tình|Vũ Tuấn Đức
3498,Tiễn người sang ngang,Anh Bằng,Bolero
3499,Đi Tìm Hạnh Phúc,Vĩnh Phúc,Nhạc thánh ca
3500,Lỡ một cuộc tình số 5,Anh Bằng,Bolero
3501,Lời tự tình mùa xuân,Trần Thiện Thanh,Bolero|Trần Thiện Thanh
3502,Đến Nơi Chỉ Riêng Ta,Đỗ Hiếu,Nhạc trẻ
3503,Trong Buồn Có Vui,Hamlet Trương,"Nhạc Trẻ,Nhạc Trữ Tình"
3504,Mỉm Cười Cho Qua,Hamlet Trương,"Nhạc Trẻ,Nhạc Trữ Tình"
3505,Tự Tại,Lâm Triệu Minh,Lâm Triệu Minh
3506,Tủi Thân Bật Khóc,Hamlet Trương,"Nhạc Trẻ,Nhạc Trữ Tình"
3507,Hương tóc,Phan Ni Tấn,Nhạc trữ tình
3508,Tiếng gọi yêu thương,Sr. Hiền Hòa,Sr. Hiền Hòa|Nhạc thánh ca
3509,Con Đi Nhé,Bùi Công Nam,Nhạc trẻ
3510,Vĩnh Long Đất Lịch Người Xinh,Hà Chương,Hà Chương|Dân ca
3511,Về Hải Dương quê anh,Ngô Sỹ Ngọc,Nhạc trữ tình
3512,Nhớ mẹ,Anh Bằng,Bolero
3513,Di chúc tình yêu,Vinh Sử,Bolero
3514,Heo con ủn ỉn,Dami,Nhạc thiếu nhi|Dami
3515,Gói mì tôm,Tú Anh,Nhạc thiếu nhi|Tú Anh
3516,Những đêm không ngủ,Anh Bằng,Bolero
3517,Muốn Nói Lời Yêu Em,Lê Hùng Phúc,Pop
3518,Em còn bé lắm,Quốc Anh,Bolero
3519,Anh đi chăn Heo,Đông Phương Tường,Nhạc thiếu nhi
3520,Getting Out Of A Deal,Dương Khắc Linh,"Pop, Ballad"
3521,Nếu lúc trước anh và em cùng hiểu,Nguyễn Lê Việt Hùng,Nguyễn Lê Việt Hùng|Nhạc trẻ
3522,Ngài Cứu Tôi,Vĩnh Phúc,Nhạc thánh ca
3523,Mùa Thương Tay Đợi Mắt Chờ,Đỗ Kim Bảng,Nhạc vàng
3524,Trên Những Chuyến Xe Qua,Lộn Xộn Band,Nhạc trẻ|Lộn Xộn Band
3525,Cổng trường vôi tím,Anh Bằng,Bolero
3526,Mai kia hòa bình,Giao Tiên,Bolero
3527,Vu Quy,BÌN,Pop
3528,Ba ơi đừng uống rượu,Đông Phương Tường,Nhạc thiếu nhi
3529,Gu Em Là Nam Á,Bùi Công Nam,Nhạc trẻ
3530,Ông đồ,Anh Bằng,Bolero
3531,Trong tầm mắt đời,Tú Nhi,Tú Nhi|Bolero
3532,Yêu quý và biết ơn,Nguyễn Văn Chung,Nhạc thiếu nhi
3533,Ánh Nến Hình Trái Tim,Đông Thiên Đức,Đông Thiên Đức|Ballad|pop
3534,Người Bạn Tôi Yêu Mến,Vĩnh Phúc,Nhạc thánh ca
3535,Tay trắng tay đen,Vinh Sử,Bolero
3536,Lời đáp tình yêu,Vinh Sử,Bolero
3537,Tình buồn tuổi trẻ,Giao Tiên,Bolero
3538,Trăng cài nhớ bước chinh nhân,Bằng Giang,Bolero
3539,Người yêu ơi tình yêu ơi,Vũ Tuấn Đức,Nhạc trữ tình|Vũ Tuấn Đức
3540,Người Đó,Hamlet Trương,"Nhạc Trẻ,Nhạc Trữ Tình"
3541,Mắt em,Anh Bằng|Trúc Sinh,Trúc Sinh|Anh Bằng|Nhạc trữ tình
3542,Nỗi buồn của mẹ,Nhật Thu,Nhạc trữ tình|Nhật Thu
3543,Mạn Họa,TaynguyenSound,Nhạc trẻ|TaynguyenSound
3544,Lễ Dâng Chúa Hài Nhi,Thế Thông,Nhạc thánh ca|Thế Thông
3545,Mong Ước,Vĩnh Phúc,Nhạc thiếu nhi
3546,Sapa Tình Buồn,Ngô Huỳnh,Ngô Huỳnh|Bolero
3547,Em vui trung thu,Dami,Dami|Nhạc thiếu nhi
3548,Hạnh Nguyện Phật Ngọc,Giác An,Phật giáo|Giác An
3549,Ngài Yêu Đến Cùng,Thế Thông,Nhạc thánh ca|Thế Thông
3550,Thiên ý,Giao Tiên|Hương Vũ,Nhạc trữ tình
3551,Nguyên Nhân Vì Sao,Nguyễn Quốc Cường,Nhạc trẻ
3552,tim em ko kó một đường nào,Winno|Heily,Rap
3553,Cứu Lấy Anh Đi,Đỗ Hiếu,Nhạc trẻ
3554,Em quên một lời hứa,Nguyễn Lê Việt Hùng,Nhạc trẻ|Nguyễn Lê Việt Hùng
3555,Tình trong bão tố,Khúc Lan,Nhạc ngoại lời Việt
3556,Đêm mưa tưởng nhớ,Bằng Giang,Bolero
3557,Lời Cuối Cho Tinh Đầu,Hamlet Trương,"Nhạc Trẻ,Nhạc Trữ Tình"
3558,Áo trắng,Anh Bằng,Bolero
3559,Truông Mây,Nguyễn Văn Đông,Trữ tình
3560,Tự Khúc Kamado Tanjirou,RonOST,"J-Pop, Enka"
3561,Cõi mơ,Lê Quang,Lê Quang|Nhạc trữ tình|Hoàng Tuấn
3562,Xiêu Lòng,Hamlet Trương,"Nhạc Trẻ,Nhạc Trữ Tình"
3563,Hương sắc cao nguyên,Ngô Sỹ Ngọc,Nhạc trữ tình
3564,Tình Yêu Xây Đắp Nhân Gian,Hamlet Trương,"Nhạc Trẻ,Nhạc Trữ Tình"
3565,Lòng Mẹ Từ Nhân,Nguyên Minh,Thánh ca
3566,Bóng tối tình yêu,Trần Quảng Nam,Nhạc trữ tình
3567,Chẳng dám làm quen,Vinh Sử,Bolero
3568,Tuổi 17,Giao Tiên,Bolero
3569,Bé Ơi Hãy Nhớ Nhé,Tú Anh,Thiếu Nhi
3570,Đâu chỉ tại mùa đông,Phan Phúc Thao,Nhạc trữ tình
3571,Có một nhịp cầu,Giao Tiên,Bolero
3572,Bàn tay dĩ vãng,Trần Quảng Nam,Nhạc trữ tình
3573,Cậu cả lên thành,Vinh Sử,Bolero
3574,Hát cho tình xa,Lê Quang,Lê Quang|Nhạc trữ tình|Hoàng Tuấn
3575,Đã Quá Muộn Màng,Đỗ Hiếu,Nhạc trẻ
3576,Từng Là,MT Black,MT Black
3577,Vì Đã Tìm Thấy Em,Dương Khắc Linh,"Pop, Ballad"
3578,Hòa Khúc Tạ Ơn,Thế Thông,Thế Thông|Nhạc thánh ca
3579,Dâng Về Chúa,Thế Thông,Nhạc thánh ca|Thế Thông
3580,Người mẹ trồng rau,Trần Thiện Thanh,Bolero|Trần Thiện Thanh
3581,Hoàng Hôn Tím,Đỗ Anh Tuấn,Nhạc Trữ Tình
3582,Sinh nhật bé,Đông Phương Tường,Nhạc thiếu nhi
3583,Mùa Gặt Dâng Tiến,Thế Thông,Nhạc thánh ca|Thế Thông
3584,Nghiệt Duyên,Đông Thiên Đức,pop|Đông Thiên Đức|Ballad
3585,Đôi dòng tâm sự,Minh Thùy,Ca cổ
3586,Chiều trên phố xưa,Nguyễn Huy Điền,Nhạc trữ tình|Nguyễn Huy Điền
3587,Chú bò con,Đông Phương Tường,Nhạc thiếu nhi
3588,Tơ lòng sau ánh hào quang,Huỳnh Thanh Hiền,Trữ Tình
3589,"Ở nhà có Mẹ, ở trường có Cô",Nguyễn Văn Chung,Nhạc thiếu nhi
3590,Noel Tình Người,Thế Thông,Thế Thông|Nhạc thánh ca
3591,Tôi và dĩ vãng,Trần Thiện Thanh,Trần Thiện Thanh|Bolero
3592,Chiếc Xe Biết Nghe,Quang,"Rap, HipHop"
3593,Tết Thảo,BÌN,pop|BÌN
3594,Tặng nàng nhẫn bún,Vinh Sử,Bolero
3595,A Long Journey,Dương Khắc Linh,"Pop, Ballad"
3596,Thinking About You,Mr Chill,Lofi 
3597,Không yêu ai khác ngoài em,Nguyễn Lê Việt Hùng,Nguyễn Lê Việt Hùng|Nhạc trẻ
3598,Tình đầu vấn vương,Vũ Tuấn Đức,Nhạc trữ tình|Vũ Tuấn Đức
3599,First Day At School,Dương Khắc Linh,"Pop, Ballad"
3600,Xin yêu tôi bằng tình người,Tú Nhi,Bolero|Tú Nhi
3601,Lời kẻ đăng trình,Tú Nhi,Bolero|Tú Nhi
3602,No Smoking - Không Hút Thuốc,Đông Phương Tường,Nhạc thiếu nhi
3603,Như đóa hoa phù dung,Giao Tiên,Bolero
3604,Xin Cảm Ơn Ngài,Vĩnh Phúc,Nhạc thánh ca
3605,Sỏi đá rồi cũng đau,Khúc Lan,Nhạc ngoại lời Việt
3606,Lời tình cho anh,Khúc Lan,Nhạc ngoại lời Việt
3607,Tết Về Nhà Thôi,Hồng Quân WyTy,Pop
3608,Muộn Màng Chiều Mưa Tan,Danie Thanh Bình,Danie Thanh Bình
3609,Dạt Dào Tình Quê Hương,Hoàng Tùng,Nhạc trữ tình
3610,Đêm còn buồn,Thùy Linh,Trữ tình
3611,Mỗi độ xuân về,Hoài Phương,Trữ tình
3612,Xuân quê hương 2,Lam Phương,Bolero|Lam Phương
3613,Ai hỏi tên anh,Anh Bằng,Bolero
3614,Cô Gái Miền Tây,Sinike,pop
3615,Tình người biên giới,Bằng Giang,Bolero
3616,Bạc hà,Nhật Hoàng,Nhật Hoàng|Nhạc trẻ
3617,Phút chia xa,Vũ Tuấn Đức,Nhạc trữ tình|Vũ Tuấn Đức
3618,Tình Xa Khuất Rồi,Vũ Xuân Hùng,Lời Việt|Nhạc ngoại|Vũ Xuân Hùng
3619,Sâu Trong Gương Là Đôi Mắt Mỏi Mệt,Hamlet Trương,"Nhạc Trẻ,Nhạc Trữ Tình"
3620,Con Đường Của Gió,Hamlet Trương,"Nhạc Trẻ,Nhạc Trữ Tình"
3621,Nỗi lòng mùa xuân,Trịnh Lâm Ngân,Nhạc trữ tình
3622,Đường Ngày Mai,Đông Thiên Đức,Đông Thiên Đức|pop|Ballad
3623,Em ở quê ra,Giao Tiên,Bolero
3624,Giấc Mộng Trong Mưa,Quang Mạnh,Quang Mạnh
3625,Nói đi anh,Vũ Tuấn Đức,Nhạc trữ tình|Vũ Tuấn Đức
3626,Biển sóng tình em,Sỹ Đan,Sỹ Đan|Nhạc trữ tình
3627,Chênh vênh cầu khỉ,Trần Thiện Thanh|Vũ Hối,Trần Thiện Thanh|Bolero|Vũ Hối
3628,Mùa Xuân Trong Đôi Mắt Em,Đức Huy,"Bolero, ĐQ Asia"
3629,Ngày của riêng mình,Vinh Sử,Bolero
3630,Đánh mất đêm vui,Lam Phương,Lam Phương|Bolero
3631,Thuyền mộng,Khúc Lan,Nhạc ngoại lời Việt
3632,Mất anh đêm Giáng sinh,Anh Bằng,Bolero
3633,Chưa vơi sầu đau,Vũ Tuấn Đức,Nhạc trữ tình|Vũ Tuấn Đức
3634,Nỗi Nhớ Dịu Êm,Bảo Chấn,Bảo Chấn|Nhạc nhẹ
3635,Khúc Tình Tàn Phai,Vũ Xuân Hùng,Vũ Xuân Hùng|Nhạc ngoại|Lời Việt
3636,Khúc xuân ca,Nguyễn Văn Đông,Trữ tình
3637,Đừng Cố Níu Kéo,Đỗ Hiếu,Nhạc trẻ
3638,Hát Làm Quen,Trần Trịnh,Bolero
3639,Đường Lên Thiên Quốc,Thế Thông,Thế Thông|Nhạc thánh ca
3640,Gà trống gáy sáng,Nguyễn Văn Chung,Nhạc thiếu nhi
3641,Boy Bảnh,Đông Thiên Đức,Đông Thiên Đức|pop|Ballad
3642,Nửa hồn thương đau,Phạm Đình Chương,"Bolero, ĐQ Asia"
3643,Để Lòng Mình Nhẹ Bay,Đông Thiên Đức,Ballad|pop|Đông Thiên Đức
3644,Tiếc thầm,Anh Bằng,Bolero
3645,Người bên lề cõi sống,Trần Thiện Thanh,Trần Thiện Thanh|Bolero
3646,Bản tình ca,Khúc Lan,Nhạc ngoại lời Việt
3647,Người Ta Nói Đúng,Hamlet Trương,"Nhạc Trẻ,Nhạc Trữ Tình"
3648,Đêm trăng xứ Huế,Anh Bằng,Bolero
3649,Nếu chúng mình cách trở,Tú Nhi,Tú Nhi|Bolero
3650,Cánh Diều Và Em,Tú Anh,Thiếu Nhi
3651,Nhận Ra thì quá muộn màng,Nguyễn Lê Việt Hùng,Nhạc trẻ|Nguyễn Lê Việt Hùng
3652,Rước dâu trên đường về quê,Vinh Sử,Bolero
3653,Tình biển,Hà Phương,Bolero
3654,Nguyện cầu trên bến ngàn năm,Nguyễn Văn Đông,Trữ tình
3655,Thành Đông giữa chiều xuân,Ngô Sỹ Ngọc,Nhạc trữ tình
3656,Một Chút Ân Tình,Giác An,Giác An|Phật giáo
3657,Tình em tha thiết,Khúc Lan,Nhạc ngoại lời Việt
3658,Ánh sáng đô thành,Phượng Linh,Trữ tình
3659,Lũ Chó,Lộn Xộn Band,Lộn Xộn Band|Nhạc trẻ
3660,Khúc Ca Tình Yêu,Nguyên Minh,Thánh ca
3661,Đừng Đánh Thức Anh Như Vậy,Lộn Xộn Band,Lộn Xộn Band|Nhạc trẻ
3662,Mưa bên song cửa,Tú Nhi,Bolero|Tú Nhi
3663,Thực thi thánh ý Chúa,Sr. Hiền Hòa,Sr. Hiền Hòa|Nhạc thánh ca
3664,Chờ em trước cổng trường,Hà Phương,Bolero
3665,Người tình luật khoa,Vinh Sử,Bolero
3666,Có phải là tình yêu,Trần Thiện Thanh,Bolero|Trần Thiện Thanh
3667,Người Lớn Không Khóc,Hamlet Trương,"Nhạc Trẻ,Nhạc Trữ Tình"
3668,Những Ngày Mưa Gió,Bảo Chấn,Bảo Chấn|Nhạc nhẹ
3669,Em gái nha mân,Vinh Sử,Bolero
3670,Phải Làm Gì,Trần Đăng Quang,Nhạc trẻ|Trần Đăng Quang
3671,Vĩnh Viễn Thuộc Về Anh,Hamlet Trương,"Nhạc Trẻ,Nhạc Trữ Tình"
3672,Nỗi Niềm Chia Xa,Phạm Tôn Tẫn - Lê Xuân Thơm,Nhạc Trữ tình quê hương
3673,Sầu lắng,Tô Thanh Sơn,Bolero
3674,Có Ai Thương Em Như Anh (#Catena),Bùi Công Nam,Nhạc trẻ
3675,Tội Tôi Được Đóng Đinh Rồi,Vĩnh Phúc,Nhạc thánh ca
3676,Có Lẽ Người Ấy Sẽ Hạnh Phúc,Lâm Temboys,Nhạc trẻ
3677,Chỉ Cần Có Nhau,Đông Thiên Đức,Ballad|pop|Đông Thiên Đức
3678,You Must Become A Magistrate,Dương Khắc Linh,"Pop, Ballad"
3679,Đón xuân quê nhà,Vũ Phương,Vũ Phương|Bolero
3680,Tết À Tết Ơi,Tú Anh,Thiếu Nhi
3681,Khi thành phố vắng anh,Khúc Lan,Nhạc ngoại lời Việt
3682,"Tình một ngày, tình cũng trăm năm",Thanh Tuyền,Nhạc trữ tình
3683,Về Dầu Tiếng quê tôi,Huỳnh Thanh Hiền,Trữ Tình
3684,Nơi Ấy Bình Yên,Bảo Chấn,Nhạc nhẹ|Bảo Chấn
3685,Cảm ơn môi ngọt dối gian,Anh Bằng,Bolero
3686,Exam Trap,Dương Khắc Linh,"Pop, Ballad"
3687,Việt Nam hôm nay,Hoài Phương,Trữ tình
3688,Châu Dương,Rica,Rica|Nhạc trẻ
3689,Vắng Em,Đỗ Hiếu,Nhạc trẻ
3690,Chiều Một Mình Qua Phố,Trịnh Công Sơn,"Bolero, ĐQ Asia"
3691,Tình người đất đỏ,Vinh Sử,Bolero
3692,Giáng sinh kỷ niệm (First of May),Khúc Lan,Nhạc ngoại lời Việt
3693,Hè đã đến,Tú Anh,Tú Anh|Nhạc thiếu nhi
3694,Câu Chuyện Tình Tiên Sa,Lục Hòa,Bolero
3695,Sao Anh Không Ăn,Hamlet Trương,"Nhạc Trẻ,Nhạc Trữ Tình"
3696,Chương Cuối Thời Học Sinh,Reddy,Nhạc trẻ
3697,Nụ Cười Là Phép Màu,Hamlet Trương,"Nhạc Trẻ,Nhạc Trữ Tình"
3698,Người Yêu Của Chúa,Thế Thông,Nhạc thánh ca|Thế Thông
3699,Gửi Em Cô Gái Hà Thành,Phạm Tôn Tẫn  - Nguyễn Mạnh Đẫu,Nhạc Trữ tình quê hương
3700,Xuân An Lạc,Giác An,Phật giáo|Giác An
3701,Mưa lạnh chiều nay,Anh Bằng,Bolero
3702,Mưa Cali mưa Sài Gòn,Trần Thiện Thanh,Trần Thiện Thanh|Bolero
3703,Ca khúc mừng xuân,Văn Phụng,"Bolero, ĐQ Asia"
3704,Ôm Tình Trong Mơ,Vũ Xuân Hùng,Vũ Xuân Hùng|Lời Việt|Nhạc ngoại
3705,Bánh Rượu Và Đời Con,Anh Thi,Thánh Ca
3706,Về thăm mộ mẹ,Vinh Sử,Bolero
3707,Và tôi vẫn mơ,Võ Thiện Thanh,Võ Thiện Thanh|Hoàng Tuấn|Nhạc trữ tình
3708,Thiên Chúa Là Tất Cả,Ngân Giang,Ngân Giang|Nhạc trữ tình
3709,Kính Chào Đức Nữ Vương,Thế Thông,Nhạc thánh ca|Thế Thông
3710,Giấc mơ hòa bình,Khúc Lan,Nhạc ngoại lời Việt
3711,Tấm Bánh Bẻ Ra,Thế Thông,Nhạc thánh ca|Thế Thông
3712,Sài Gòn Bận Lắm,Hamlet Trương,"Nhạc Trẻ,Nhạc Trữ Tình"
3713,Mùa hè lại đến,Vũ Tuấn Đức|Trúc Hồ,Trúc Hồ|Vũ Tuấn Đức|Nhạc trữ tình
3714,Goodbye Strangers,Dương Khắc Linh,"Pop, Ballad"
3715,From Court To Jail,Dương Khắc Linh,"Pop, Ballad"
3716,Xin vẫy tay chào,Tú Nhi,Bolero|Tú Nhi
3717,Bình Minh Đã Đến,Vĩnh Phúc,Nhạc thánh ca
3718,Nhớ anh chiều nay,Vũ Tuấn Đức,Nhạc trữ tình|Vũ Tuấn Đức
3719,Tín thác,Nguyên Minh,Thánh ca
3720,Heo con lạc đường,Đông Phương Tường,Nhạc thiếu nhi
3721,Bất Hiếu,Đông Thiên Đức,Đông Thiên Đức|pop|Ballad
3722,Mùa Đông Ấy,Nguyễn Quốc Cường,Nhạc trẻ
3723,Những điều thật lạ,Vũ Tuấn Đức|Trúc Hồ,Vũ Tuấn Đức|Nhạc trữ tình|Trúc Hồ
3724,Còn nhớ không em (Mùa chia tay),Hà Phương,Bolero
3725,Đắm say,Vũ Tiến Dũng|Vũ Tuấn Đức,Vũ Tiến Dũng|Vũ Tuấn Đức|Nhạc trữ tình
3726,Hãy Hát Cho Đời,Vũ Xuân Hùng,Nhạc ngoại|Vũ Xuân Hùng|Lời Việt
3727,Tình vợ chồng quê,Vinh Sử,Bolero
3728,Đường Mây,Trần Trịnh,Bolero
3729,Em sẽ yêu anh mãi,Vinh Sử,Bolero
3730,Gia Đình Mình,Hamlet Trương,Pop
3731,Cô Thắm theo chồng,Giao Tiên,Bolero
3732,Nổi lửa đấu tranh,Anh Bằng,Bolero
3733,Cô Sáu Bạc Liêu,Đông Phương Tường,Bolero
3734,Sẽ Thôi Khóc Vì Anh,Đỗ Hiếu,Nhạc trẻ
3735,Gia tài của nó,Anh Bằng,Bolero
3736,Vỗ tay ngợi ca,Vinh Sử,Bolero
3737,Lộc non,Trần Thiện Thanh|Nguyên Diệu,Bolero|Nguyên Diệu|Trần Thiện Thanh
3738,Quyết Đi Theo Ngài,Thế Thông,Nhạc thánh ca|Thế Thông
3739,Không dám đâu,Vinh Sử,Bolero
3740,Bé ngoan uống thuốc,Nguyễn Văn Chung,Nhạc thiếu nhi
3741,Horse Race Contest,Dương Khắc Linh,"Pop, Ballad"
3742,Anh Có Một Điều Bí Mật,Rica,Nhạc trẻ|Rica
3743,Gương liệt nữ,Lam Phương,Lam Phương|Bolero
3744,Không Chờ Đợi,Dương Khắc Linh,"Pop, Ballad"
3745,Mình Anh Bước Về,Nguyễn Quốc Cường,Nhạc trẻ
3746,Hết Tết,BÌN,Pop
3747,Khởi Đầu Tết Vui,Dương Khắc Linh,"Pop, Ballad"
3748,Niềm Mơ Ước,Đỗ Anh Tuấn,Nhạc Trữ Tình
3749,Người Của Hôm Qua,Hamlet Trương,"Nhạc Trẻ,Nhạc Trữ Tình"
3750,Chuyện Bây Giờ Đã Muộn,Hamlet Trương,"Nhạc Trẻ,Nhạc Trữ Tình"
3751,Tình Xuân,Bảo Chấn,Bảo Chấn|Nhạc nhẹ
3752,Bé Ăn Nhiều,Đông Phương Tường,Nhạc thiếu nhi
3753,Papa,Dương Khắc Linh,"Pop, Ballad"
3754,Mùa xuân ông Đồ,Vinh Sử,Bolero
3755,Anh Vẫn Mong Chờ,Đỗ Hiếu,Nhạc trẻ
3756,Phận Duyên Lỡ Làng,Phát Huy T4,POP - RnB|Phát Huy T4
3757,Lối Đi Nào Có Em,Lâm Temboys,Nhạc trẻ
3758,Mộng sầu cô đơn,Khúc Lan,Nhạc ngoại lời Việt
3759,Đơn Giản Là Chia Tay,Hamlet Trương,"Nhạc Trẻ,Nhạc Trữ Tình"
3760,Nhớ người viễn xứ,Nguyễn Văn Đông,Trữ tình
3761,Chiều miền hỏa tuyến,Ngọc Sơn,Bolero|Ngọc Sơn
3762,Chuyện tình nàng Tô Thị,Lam Phương,Lam Phương|Bolero
3763,Tiễn em ngày cưới,Hà Phương,Bolero
3764,One More Try,Johnny Dũng,Nhạc trữ tình
3765,Đại Dương Thương Xót,Thế Thông,Nhạc thánh ca|Thế Thông
3766,Chọn người trăm năm,Ngân Giang,Nhạc trữ tình|Ngân Giang
3767,Nữ Vương Vô Nhiễm Nguyên Tội,Thế Thông,Thế Thông|Nhạc thánh ca
3768,Hai đứa còn cô đơn,Anh Bằng,Bolero
3769,Sẽ không như thế,Nguyễn Ngọc Thiện,Hoàng Tuấn|Nhạc trữ tình|Nguyễn Ngọc Thiện
3770,Nàng Thơ Quốc Dân,Lộn Xộn Band,Nhạc trẻ|Lộn Xộn Band
3771,Nơi Nương Náu Tâm Hồn,Vĩnh Phúc,Nhạc thánh ca
3772,Tình đến trong đêm,Tấn Triệu,Nhạc trữ tình|Hoàng Tuấn|Tấn Triệu
3773,Chết trong vòng tay em,Khúc Lan,Nhạc ngoại lời Việt
3774,Đau Lòng Để Ai Xem,Đông Thiên Đức,Ballad|Đông Thiên Đức|pop
3775,Trường xưa,Vinh Sử,Bolero
3776,Mùa đông và lữ khách,Ngân Giang,Nhạc trữ tình|Ngân Giang
3777,Đêm nay ta say,Quốc Anh,Bolero
3778,Đêm hoang vắng,Khúc Lan,Nhạc ngoại lời Việt
3779,Thầy cho em niềm tin,Nguyễn Văn Chung,Nhạc thiếu nhi
3780,Đi cùng anh,Lemon Climb,Ballad|Lemon Climb
3781,Biết tỏ cùng ai,Vinh Sử,Bolero
3782,Vắt chân chữ ngũ,Vinh Sử,Bolero
3783,Trăng rơi tuyến đầu,Hà Phương,Bolero
3784,Hẹn nhau cuối tuần,Hà Phương,Bolero
3785,Nước Mắt Cho Mây,Vũ Xuân Hùng,Nhạc ngoại|Vũ Xuân Hùng|Lời Việt
3786,Câu Chuyện Trong Tuồng,Trần Trịnh,Bolero
3787,Mai lỡ mình xa nhau,Tú Nhi,Tú Nhi|Bolero
3788,Xin Yêu Thương Quay Về,Đỗ Hiếu,Nhạc trẻ
3789,Đắm say cùng chacha,Sỹ Đan,Sỹ Đan|Nhạc trữ tình
3790,Sao đổi ngôi,Tú Nhi,Bolero|Tú Nhi
3791,Và Cơn Mưa Tới,Bảo Chấn,Nhạc nhẹ|Bảo Chấn
3792,Như Ngày Đầu Tiên,Đông Thiên Đức,Ballad|pop|Đông Thiên Đức
3793,Bờ cát trắng,Vũ Tuấn Đức,Vũ Tuấn Đức|Nhạc trữ tình
3794,Hoa Cỏ Mùa Xuân,Bảo Chấn,Bảo Chấn|Nhạc nhẹ
3795,Em Muốn Cho Anh Xem Này,Đỗ Hiếu,Nhạc trẻ
3796,Tình Yêu Tuyệt Vời,Vĩnh Phúc,Nhạc thánh ca
3797,Giã Từ Huyễn Mộng,Giác An,Giác An|Phật giáo
3798,Ánh Sáng,Vĩnh Phúc,Nhạc thánh ca
3799,Ngũ Bái 5,Thế Thông,Nhạc thánh ca|Thế Thông
3800,Rửa tay nào,Nguyễn Văn Chung,Nhạc thiếu nhi
3801,Người Lạ Quen Thuộc,Hamlet Trương,"Nhạc Trẻ,Nhạc Trữ Tình"
3802,Một thời của mẹ,Hà Phương,Bolero
3803,Chuyện tình loài hoa tuyết,Vinh Sử,Bolero
3804,Ánh Mắt Xót Thương,Thế Thông,Thế Thông|Nhạc thánh ca
3805,Mùa đông Cali,Trần Thiện Thanh,Bolero|Trần Thiện Thanh
3806,Có em bên đời,Vũ Tuấn,Vũ Tuấn|Bolero
3807,Né Trap,QLIN,"Nhạc Rap, HipHop"
3808,Anh Nhớ Em,Nguyễn Quốc Cường,Nhạc trẻ
3809,Anh Hiểu Mà,Đông Thiên Đức,Đông Thiên Đức|Ballad|pop
3810,Mẹ Vô Nhiễm Nguyên Tội,Thế Thông,Thế Thông|Nhạc thánh ca
3811,Nếu phải yêu anh,Giao Tiên,Bolero
3812,Giúp việc nhà phụ Mẹ,Nguyễn Văn Chung,Nhạc thiếu nhi
3813,Đã Mãi Cách Xa,Đỗ Hiếu,Nhạc trẻ
3814,Chúa Quá Yêu Tôi,Vĩnh Phúc,Nhạc thánh ca
3815,Tựa nương nơi Chúa,Sr. Hiền Hòa,Sr. Hiền Hòa|Nhạc thánh ca
3816,Bỗng Dưng Xa Lạ,Hào JK,"Pop, Ballad"
3817,Mùa xuân bàng hoàng,Trần Thiện Thanh,Bolero|Trần Thiện Thanh
3818,Xin Thánh Hiến Con,Thế Thông,Thế Thông|Nhạc thánh ca
3819,Anh đi chài tôm,Giao Tiên,Bolero
3820,Đếm bước cô đơn,Tú Nhi|Bằng Giang,Bằng Giang|Tú Nhi|Bolero
3821,Huế khóc,Anh Bằng,Bolero
3822,Em còn mãi tình đầu,Anh Bằng,Bolero
3823,Khóc Một Lần,Đông Thiên Đức,Đông Thiên Đức|pop|Ballad
3824,Một lời đã hứa,Tuấn Hải,Bolero
3825,Niềm vui đơn côi,Lam Phương,Lam Phương|Bolero
3826,Ghen,Vũ Xuân Hùng,"Nhạc ngoại, Lời Việt"
3827,Quà Tặng Của Chúa,Vĩnh Phúc,Nhạc thánh ca
3828,Hãy Đến Bên Em,Diệp Vàm Cỏ,Ca cổ
3829,Giọt mưa đêm,Tô Thanh Sơn,Bolero
3830,Tình quên đường về,Lam Phương,Bolero|Lam Phương
3831,Một lần bay thấp,Trần Thiện Thanh,Trần Thiện Thanh|Bolero
3832,Vở Hài Kịch,RonOST,"J-pop, Jazz, Rock"
3833,Nỗi Nhớ Hương Sơn,Phạm Tôn Tẫn  - Hồ Xuân Tứ,Nhạc Trữ tình quê hương
3834,Mẹ và Mùa Thu,Phạm Tôn Tẫn,Nhạc Trữ tình quê hương
3835,Criminals Encounter,Dương Khắc Linh,"Pop, Ballad"
3836,Love No Drama,Mai Phuong|Thái Sơn Beatbox,"Pop, Afro"
3837,Tái Sinh Yêu Thương,Bùi Công Nam,Nhạc trẻ
3838,Sài Gòn nhớ,Phan Ni Tấn,Nhạc trữ tình
3839,Muốn nắm tay em,Kiyoshi Phan,Pop
3840,Mừng sinh nhật của bé,Tú Anh,Nhạc thiếu nhi|Tú Anh
3841,Có Cha ở bên con,Nguyễn Văn Chung,Nhạc thiếu nhi
3842,Lời thương chưa ngỏ,Tú Nhi,Bolero|Tú Nhi
3843,Một kỷ niệm,Lam Phương,Bolero|Lam Phương
3844,Mưa trắng,Anh Bằng,Bolero
3845,Chẳng Ai Phiền Ai Bao Giờ,Đông Thiên Đức,Ballad
3846,Lặng lẽ,Quốc Anh,Bolero
3847,Cho tình yêu đẹp mãi,Khúc Lan,Nhạc ngoại lời Việt
3848,Hoàng Hôn Cuối,Nguyễn Quốc Cường,Nhạc trẻ
3849,Mẹ Lộ Đức,Thế Thông,Thế Thông|Nhạc thánh ca
3850,Sẽ Có Cách Đừng Lo,Hamlet Trương,"Nhạc Trẻ,Nhạc Trữ Tình"
3851,Nỗi Lòng Thai Nhi,Thế Thông,Nhạc thánh ca|Thế Thông
3852,Đã Xem Nhau Là Tất Cả,Nguyễn Quốc Cường,Nhạc trẻ
3853,Ô mê ly,Trịnh Công Sơn,"Bolero, ĐQ Asia"
3854,Đời còn nhiều gian dối,Trần Thiện Thanh,Bolero|Trần Thiện Thanh
3855,Vết thương,Anh Bằng,Bolero
3856,Bóng trăng gầy,Lê Quang,Hoàng Tuấn|Nhạc trữ tình|Lê Quang
3857,Cảm ơn dòng sông,Diệp Vàm Cỏ,Ca cổ
3858,Tiều Phu Và Công Chúa,Nam Đức,Nam Duc|Nhạc trẻ
3859,Forever Young Forever Yan,Dương Khắc Linh,"Pop, Ballad"
3860,Vào Lúc Đêm Xuống,Vĩnh Phúc,Nhạc thánh ca
3861,Nhớ nhung trong chiều,Khúc Lan,Nhạc ngoại lời Việt
3862,Đường tình lạc lối,Nhật Thu,Nhật Thu|Nhạc trữ tình
3863,Về Đây Hỡi Chiên Xa Bầy,Vĩnh Phúc,Nhạc thánh ca
3864,Huyền Thoại Một Tình Yêu,Việt Sơn,Ca cổ
3865,Mộng dưới trăng,Ngọc Sơn,Ngọc Sơn|Bolero
3866,Thiên Thai,Văn Cao,"Bolero, ĐQ Asia"
3867,Gánh hát rong,Anh Bằng,Bolero
3868,Phải chi,Anh Bằng,Bolero
3869,Nỗi nhớ quê nhà,Giao Tiên,Bolero
3870,Tình câm,Lam Phương,Lam Phương|Bolero
3871,Việt Nam muôn thuở,Nguyễn Văn Đông,Trữ tình
3872,Nhặt Quá Khứ Vào Nỗi Đau,Lâm Temboys,Nhạc trẻ
3873,Cạn lời yêu dấu,Trần Thiện Thanh,Bolero|Trần Thiện Thanh
3874,Định Kiến,Quang Mạnh,Quang Mạnh
3875,Throw Away,Dương Khắc Linh,"Pop, Ballad"
3876,Vĩnh biệt Sàigòn,Lam Phương,Lam Phương|Bolero
3877,Có Lẽ,Nguyễn Quốc Cường|Nhạc Hoa,Nhạc trẻ
3878,Phải Là Của Em,Đỗ Hiếu,Nhạc trẻ
3879,Mưa bụi cuối cùng,Giao Tiên,Bolero
3880,Đôi tiếng tự do,Trần Thiện Thanh|Châu Kỳ,Trần Thiện Thanh|Châu Kỳ|Bolero
3881,Có em không,Trúc Hồ,Trúc Hồ|Nhạc trữ tình
3882,Út Lúa,Đông Phương Tường,Bolero
3883,Tôi Là Ai,Vĩnh Phúc,Nhạc thánh ca
3884,Nụ hôn đầu,Vinh Sử,Bolero
3885,Một phiên gác đêm,Ngọc Sơn,Ngọc Sơn|Bolero
3886,Sinh nhật ca,Quốc Anh,Bolero
3887,Cổ tích quê mình,Nguyễn Ngọc Thịnh,Nhạc trữ tình
3888,Nén,Đông Thiên Đức,Đông Thiên Đức|Ballad|pop
3889,Cả nước đấu tranh,Anh Bằng,Bolero
3890,Co Tich Doi That,Dương Khắc Linh,"Pop, Ballad"
3891,Lý quạ kêu,Đăng Minh,Ca cổ
3892,Đám Cưới Thiệt Vui,Đông Phương Tường,Bolero
3893,Mắt em,Anh Bằng,Bolero
3894,I who have nothing,Khúc Lan,Nhạc ngoại lời Việt
3895,Anh đi về nơi đâu,Trúc Hồ,Trúc Hồ|Nhạc trữ tình
3896,Kỷ niệm xưa,Vũ Tuấn,Bolero|Vũ Tuấn
3897,Hết năm học rồi,Nguyễn Văn Chung,Nhạc thiếu nhi
3898,Tỏ Tình,Bùi Công Nam,Nhạc trẻ
3899,Cây phượng giữa sân trường,Tú Anh|Lê Tấn Dũng,Lê Tấn Dũng|Tú Anh
3900,Tự Giác Đi,Bùi Công Nam,Nhạc trẻ
3901,Tỏ Tình,Bùi Công Nam,Nhạc trẻ
3902,Nghĩa tình phu thê,Vũ Tuấn,Vũ Tuấn|Bolero
3903,Chúa Biến Hình,Thế Thông,Thế Thông|Nhạc thánh ca
3904,Lời khẩn xin,Vũ Tuấn Đức,Vũ Tuấn Đức|Nhạc trữ tình
3905,Đêm giáng sinh đầu tiên,Khúc Lan,Nhạc ngoại lời Việt
3906,Đèn Kéo Quân,Phan Ni Tấn,Nhạc trữ tình
3907,Nỗi Nhớ Quê Hương,Giác An,Phật giáo|Giác An
3908,Phép thuật của Ông già Noel,Nguyễn Văn Chung,Nhạc thiếu nhi
3909,Người đẹp Mỹ Tho,Vinh Sử,Bolero
3910,Ngày về của kẻ bụi đời,Ngân Giang,Nhạc trữ tình|Ngân Giang
3911,I Wanna Be Your Love,Đỗ Hiếu,Nhạc trẻ
3912,Có Thể Nào?,Thế Thông,Thế Thông|Nhạc thánh ca
3913,Con hứa với Mẹ,Nguyễn Văn Chung,Nhạc thiếu nhi
3914,Nơi Ta Chờ Em,Bách Neul,Bách Neul
3915,Chiều Nhẹ Buông,Thế Thông,Thế Thông|Nhạc thánh ca
3916,Một đêm vui,Vũ Tuấn Đức,Nhạc trữ tình|Vũ Tuấn Đức
3917,Giọng ca vàng đêm nay,Vũ Tuấn,Vũ Tuấn|Bolero
3918,Khúc Ca Sinh Nhật,Tú Anh,Thiếu Nhi
3919,Bến chiều,Vũ Phương,Vũ Phương|Bolero
3920,Chuyến xe hoa buồn,Anh Bằng,Bolero
3921,Trong lòng em đổ mưa,Quốc Anh,Bolero
3922,Gẫy Cành Thiên Hương,Trần Trịnh,Bolero
3923,Khúc Tình Ca Ngày Cưới,Vĩnh Phúc,Nhạc hôn lễ
3924,Hãy đến với Ta,Sr. Hiền Hòa,Sr. Hiền Hòa|Nhạc thánh ca
3925,Nỗi Nhớ Thiêu Đốt,Nguyễn Quốc Cường,Nhạc trẻ
3926,Bài Này Không Để Đi Diễn,Bùi Công Nam,Nhạc trẻ
3927,Mùa xuân đã đến,Khúc Lan|Nguyễn Kim Thanh,Nhạc ngoại lời Việt
3928,Phố Đông,Bảo Chấn,Nhạc nhẹ|Bảo Chấn
3929,Rằng anh xin hứa mãi gần em,Trúc Sinh|Đặng Hiền,Nhạc trữ tình|Đặng Hiền|Trúc Sinh
3930,Người em xứ bưởi,Hoàng Phương,Bolero
3931,Đau Tận Tâm Can,Đông Thiên Đức,Đông Thiên Đức|pop|Ballad
3932,Nào Em Có Biết,Dương Khắc Linh,"Pop, Ballad"
3933,Don't Stop Babe,Mai Phuong,RnB
3934,Bức Thư Anh Chưa Gửi,Nguyễn Quốc Cường,Nhạc trẻ
3935,Buồn Làm Chi Em Ơi,Nguyễn Minh Cường,Pop
3936,Nỗi Nhớ Trong Mơ,Đỗ Anh Tuấn,Nhạc Trữ Tình
3937,Sắc Hoa Dâng Mẹ,Nguyên Minh,Thánh ca
3938,Trái tim nghiệt ngã,Khúc Lan,Nhạc ngoại lời Việt
3939,Chiếc Lá Vô Tình,Bảo Chấn,Bảo Chấn|Nhạc nhẹ
3940,Mưa trên thung lũng hoa vàng,Quốc Anh,Bolero
3941,Ở giữa muộn phiền,Trần Thiện Thanh,Trần Thiện Thanh|Bolero
3942,Cơn sầu dĩ vãng,Khúc Lan,Nhạc ngoại lời Việt
3943,Như sương,Anh Bằng,Bolero
3944,Đừng Hoang Phí Tháng Năm Dài,Vĩnh Phúc,Nhạc thánh ca
3945,Đừng nói dối,Nguyễn Văn Chung,Nhạc thiếu nhi
3946,Tình mơ,Anh Bằng,Bolero
3947,Như Chiên Con Đi Lạc,Vĩnh Phúc,Nhạc thánh ca
3948,Lỡ mai đời chia cách,Vinh Sử,Bolero
3949,Đã Muộn Rồi,Đỗ Kim Bảng,Nhạc vàng
3950,Từ Khi Con Là Mẹ,Dương Khắc Linh,"Pop, Ballad"
3951,I Wanna Know,Mai Phuong|Thái Sơn Beatbox,"Afro, Pop"
3952,Tình lặng lẽ,Lam Phương,Bolero|Lam Phương
3953,Cơn Mưa Cuối Thu,Nguyễn Quốc Cường,Nhạc trẻ
3954,Một cõi vĩnh hằng,Vinh Sử,Bolero
3955,Vì em dễ thương,Vũ Xuân Hùng,"Nhạc ngoại, Lời Việt"
3956,Chiều Công Viên,Đỗ Anh Tuấn,Nhạc Trữ Tình
3957,Khúc hát người cao tuổi,Giao Tiên,Bolero
3958,Bãi biển thật đẹp,Tú Anh,Nhạc thiếu nhi|Tú Anh
3959,Mừng tân thế kỷ,Khúc Lan,Nhạc ngoại lời Việt
3960,Nếu anh hỏi,Anh Bằng,Bolero
3961,Vĩnh biệt người xưa,Tô Thanh Sơn,Bolero
3962,Chắc Không Phải Yêu Đâu,RonOST,Pop Ballad
3963,Em Đã Khác,Nguyễn Quốc Cường,Nhạc trẻ
3964,Nỗi nhớ miền Trung,Nguyễn Ngọc Thịnh,Nhạc trữ tình
3965,Thoáng hương xưa,Anh Bằng,Bolero
3966,Chỉ còn lại nỗi cô đơn,Huỳnh Lê,Nhạc trẻ
3967,Em ước mơ,Đông Phương Tường,Nhạc thiếu nhi
3968,Tuyết Ấm,Đông Thiên Đức,pop|Ballad|Đông Thiên Đức
3969,Đò tình lỡ hẹn,Huỳnh Thanh Hiền,Trữ Tình
3970,Vinh Quang Ha-lê-lu-gia,Vĩnh Phúc,Nhạc thánh ca
3971,Độc hành,Trần Thiện Thanh|Trần Thiện Hiệp,Bolero|Trần Thiện Thanh|Trần Thiện Hiệp
3972,Tôi về với rừng xanh,Ngô Sỹ Ngọc,Nhạc trữ tình
3973,Mừng Phật Thành Đạo,Thích Nhật Từ,Nhạc phật giáo
3974,Tình yêu nhảy múa,Trần Thiện Thanh,Bolero|Trần Thiện Thanh
3975,Muốn yêu ngàn năm,Khúc Lan,Nhạc ngoại lời Việt
3976,Người vội quên mau,Vũ Tuấn,Vũ Tuấn|Bolero
3977,Chào bạn mới,Nguyễn Văn Chung,Nhạc thiếu nhi
3978,Nhớ đất quê,Hà Phương,Bolero
3979,Nói Quên Là Quên,Reddy,Nhạc trẻ
3980,Chúa hằng nâng đỡ,Sr. Hiền Hòa,Nhạc thánh ca|Sr. Hiền Hòa
3981,Huyền nhiệm đời linh mục,Sr. Hiền Hòa,Nhạc thánh ca|Sr. Hiền Hòa
3982,Chiếc áo màu lam,Trần Thiện Thanh|Thầy Pháp Hòa,Trần Thiện Thanh|Thầy Pháp Hòa|Bolero
3983,Cây thông màu xanh,Nguyễn Văn Chung,Nhạc thiếu nhi
3984,Vì Sao Em Hỡi?,Đỗ Kim Bảng,Nhạc vàng
3985,Cô Thắm lên Sài Gòn,Giao Tiên,Bolero
3986,Nếu có em,Sỹ Đan,Nhạc trữ tình|Sỹ Đan
3987,Yêu mãi một người,Vũ Phương,Vũ Phương|Bolero
3988,Thành Phố Mộng Mơ,Đỗ Anh Tuấn,Nhạc Trữ Tình
3989,Em Vô Tình Hay Gió Vô Tình,Đông Thiên Đức,Đông Thiên Đức|Ballad|pop
3990,Tìm về Nơi Đâu,Thế Thông,Thế Thông|Nhạc thánh ca
3991,Rồi đến rồi đi,Trần Thiện Thanh,Bolero|Trần Thiện Thanh
3992,Anh Không Tốt,Đông Thiên Đức,Đông Thiên Đức|pop|Ballad
3993,Ai về phố thị,Bằng Giang,Bolero
3994,Qua phà Thủ Thiêm,Vinh Sử,Bolero
3995,Mừng xuân mới,Hà Phương,Bolero
3996,Tình trăm năm,Lam Phương,Bolero|Lam Phương
3997,Không đâu bằng nhà mình,Nguyễn Văn Chung,Nhạc thiếu nhi
3998,Nam Xương tiếng khóc đêm mưa,Anh Bằng,Bolero
3999,Cho Tim Em Thôi Mong Chờ,Dương Khắc Linh,"Pop, Ballad"
4000,Em gái xóm chài,Vinh Sử,Bolero
4001,Khúc Tình Quê,Lý Bông Dừa,Ca cổ
4002,Mùa thu vào mộng,Lam Phương,Bolero|Lam Phương
4003,Mùa Xuân và Tình Xuân,Hoàng Tùng,Nhạc trữ tình
4004,Ngược duyên,Phong Lê,Nhạc trẻ|Phong Lê
4005,Gặp là yêu,Bằng Cường,Nhạc trẻ
4006,Send It On,Đỗ Hiếu,Nhạc trẻ
4007,Tự tình trong xuân,Trần Thiện Thanh,Bolero|Trần Thiện Thanh
4008,Thắc mắc,Tuấn Hải,Bolero
4009,Sống chết với tình,Khúc Lan,Nhạc ngoại lời Việt
4010,Người ơi,Giao Tiên,Bolero
4011,Tình Yêu Câm Nín,Dương Khắc Linh,"Pop, Ballad"
4012,Thế Giới Của Tớ Không Có Cậu,DGRADE,Ballad|pop|DGRADE
4013,Chilly Đi,Bùi Công Nam,Nhạc trẻ
4014,Khúc Hát Tình Yêu,Vĩnh Phúc,Nhạc thánh ca
4015,Vào mộng,Anh Bằng,Bolero
4016,Trái Tim Si Tình,Hoàng Tùng,Nhạc trữ tình
4017,Cha đã dạy,Nguyễn Văn Chung,Nhạc thiếu nhi
4018,Trái Duyên Sai Phận,Đông Thiên Đức,Ballad|Đông Thiên Đức|pop
4019,Duyên quê kết tình,Phan Ni Tấn,Nhạc trữ tình
4020,Hóa Ra Chỉ Là Đơn Phương,Nguyễn Quốc Cường|Nhạc Hoa,Nhạc trẻ
4021,Trường Xưa In Dấu,Anh Thi,Nhạc Trẻ
4022,Anh Sẽ Không Đi Đâu Hết,Lộn Xộn Band,Lộn Xộn Band|Nhạc trẻ
4023,Tôi sẽ đi,Lam Phương,Bolero|Lam Phương
4024,Không Chỗ Cho Ngài,Vĩnh Phúc,Nhạc thánh ca
4025,Bài ca của đêm,Anh Bằng,Bolero
4026,Tình ca nữ,Giao Tiên,Bolero
4027,Như nàng Tô Thị,Tô Thanh Sơn,Bolero
4028,Tương tư hằng,Vinh Sử,Bolero
4029,Hẹn anh đêm nay,Anh Bằng,Bolero
4030,Biết Em Còn Chút Dỗi Hờn,Bảo Chấn,Nhạc nhẹ|Bảo Chấn
4031,Không Xoá Được,Nguyễn Quốc Cường,Nhạc trẻ
4032,Câu hò đất mũi,Vinh Sử,Bolero
4033,Người qua phố,Anh Bằng,Bolero
4034,Tiếng ru chiều,Hà Phương,Bolero
4035,Nỗi Lòng Mục Tử,Vĩnh Phúc,Nhạc thánh ca
4036,Khúc Ca Tình Người,Nguyễn Quốc Cường,Nhạc trẻ
4037,Cắt nửa vầng trăng (Em cắt nửa vầng trăng),Vinh Sử,Bolero
4038,Ngọn Lửa Từ Thầy,RonOST,"J-pop, Rock"
4039,Lần đầu đời,Vinh Sử,Bolero
4040,Em mong anh đến,Giao Tiên,Bolero
4041,Xin chúa xót thương,Nguyên Minh,Thánh ca
4042,Mất Nhau Thật Sao,Đỗ Hiếu,Nhạc trẻ
4043,Phố buồn,Phạm Duy,"Bolero, ĐQ Asia"
4044,Tập Thể Dục Nào,Tú Anh,Thiếu Nhi
4045,Túp lều tình,Vinh Sử,Bolero
4046,Hạnh phúc mong manh,Võ Thiện Thanh,Nhạc trữ tình|Võ Thiện Thanh|Hoàng Tuấn
4047,Đến rồi đi,Phong Lê,Nhạc trẻ|Phong Lê
4048,Lời cuối cho người tình phụ,Tú Nhi,Tú Nhi|Bolero
4049,Mừng ngày Nhà Giáo,Nguyễn Văn Chung,Nhạc thiếu nhi
4050,Đong đưa võng buồn,Vinh Sử,Bolero
4051,Cánh thư trời xa,Hoàng Phương,Bolero
4052,Cỗ bài tam cúc,Anh Bằng,Bolero
4053,Tình yêu rừng già và chúng ta,Trần Thiện Thanh,Bolero|Trần Thiện Thanh
4054,Mong Manh,Vũ Xuân Hùng,Nhạc ngoại|Lời Việt|Vũ Xuân Hùng
4055,Khuất Xa,Lâm Temboys,Nhạc trẻ
4056,Bắt Đầu Là Một Kết Thúc,Lâm Temboys,Nhạc trẻ
4057,Bất Chợt Yêu Em,Lâm Temboys,Nhạc trẻ
4058,Kỷ Niệm Yêu,Anh Bằng,Nhạc trữ tình
4059,Vì Hành Tinh Xanh,Tú Anh,Thiếu Nhi
4060,Gia Đình Là Nhà,Tú Anh,Thiếu Nhi
4061,Ngày em đi,Nhật Trung,"Bolero, ĐQ Asia"
4062,Mùa Xuân Đầu Tiên,Văn Cao,"Bolero, ĐQ Asia"
4063,Mưa ngâu,Thanh Tùng,"Bolero, ĐQ Asia"
4064,Một thoáng sài gòn,Bảo Phúc|Vũ Tuấn Bảo,"Bolero, ĐQ Asia"
4065,Ai đưa em về,Nguyễn Ánh 9,"Bolero, ĐQ Asia"
4066,Tam sinh tam thế,Nguyễn Duy Tùng,Nhạc Hoa
4067,Cánh Chim Xanh,RonOST,J-pop
4068,Bí Ẩn Luân Hồi,RonOST,"J-pop, Rock"
4069,Bên Nhau Tỏa Sáng,RonOST,J-pop
4070,We Care For Her,Dương Khắc Linh,"Pop, Ballad"
4071,Mãi Nhớ Về Anh,Dương Khắc Linh,"Pop, Ballad"
4072,Hương Sen,Dương Khắc Linh,"Pop, Ballad"
4073,Giữ Lấy Tháng Năm,Dương Khắc Linh,"Pop, Ballad"
4074,Đêm Mê Say,Dương Khắc Linh,"Pop, Ballad"
4075,Xuân Yên Lành,Hoàng Tùng,Nhạc trữ tình
4076,Chuyến xe Gò Công,Hoàng Tùng,Nhạc trữ tình
4077,Biển Thức,Hoàng Phương,Nhạc trữ tình
4078,Lời ru tình mẹ,Phan Phúc Thao,Nhạc trữ tình
4079,I Miss You,Mr Chill,Lofi 
4080,Yêu Lại,Nguyễn Quốc Cường,Nhạc trẻ
4081,Vì Em Đã Khác,Nguyễn Quốc Cường,Nhạc trẻ
4082,Thêm Mùa Thay Màu Lá,Nguyễn Quốc Cường,Nhạc trẻ
4083,Tan Theo Gió,Nguyễn Quốc Cường,Nhạc trẻ
4084,Sưởi Ấm Trái Tim,Nguyễn Quốc Cường,Nhạc trẻ
4085,Sợ Yên Tĩnh,Nguyễn Quốc Cường,Nhạc trẻ
4086,Sẽ Giữ Được Em,Nguyễn Quốc Cường|Nhạc Hoa,Nhạc trẻ
4087,Phải Xa Em,Nguyễn Quốc Cường,Nhạc trẻ
4088,Níu Kéo,Nguyễn Quốc Cường,Nhạc trẻ
4089,Nhớ Trường Xưa Nhớ Thầy Cô,Nguyễn Quốc Cường,Nhạc trẻ
4090,Nhìn Người Đi,Nguyễn Quốc Cường,Nhạc trẻ
4091,Nếu Trở Lại,Nguyễn Quốc Cường,Nhạc trẻ
4092,Nào Dễ Phai Nhòa,Nguyễn Quốc Cường|Nhạc Hoa,Nhạc trẻ
4093,Khó Xử,Nguyễn Quốc Cường,Nhạc trẻ
4094,I Feel So Lonely,Nguyễn Quốc Cường,Nhạc trẻ
4095,Hứa Và Quên,Nguyễn Quốc Cường,Nhạc trẻ
4096,Gọi Em,Nguyễn Quốc Cường,Nhạc trẻ
4097,Giáng Sinh Bên Em,Nguyễn Quốc Cường,Nhạc trẻ
4098,Đổ Mưa Linh Hồn,Nguyễn Quốc Cường,Nhạc trẻ
4099,Cho Anh Thêm Gần Em,Nguyễn Quốc Cường|Đinh Nghĩa,Nhạc trẻ
4100,Chia Đôi Thầm Lặng,Nguyễn Quốc Cường,Nhạc trẻ
4101,Cầu Vồng Xuân,Nguyễn Quốc Cường,Nhạc trẻ
4102,Câu Nhắc Nhở Của Tình Yêu,Nguyễn Quốc Cường,Nhạc trẻ
4103,Anh Về Đi,Nguyễn Quốc Cường,Nhạc trẻ
4104,Anh Đi,Nguyễn Quốc Cường,Nhạc trẻ
4105,Tết Nhớ Tới Già,Bùi Công Nam,Nhạc trẻ
4106,2 Giờ Chiều Bật Tích Cực,Bùi Công Nam,Nhạc trẻ
4107,Trăng Hoa,Bùi Công Nam,Nhạc trẻ
4108,Viễn xứ ca,Hoài Phương,Trữ tình
4109,Trái tim Việt Nam,Nguyễn Văn Đông,Trữ tình
4110,Tình thu trên sông Seine,Nguyễn Văn Đông,Trữ tình
4111,Tình đầu xót xa,Nguyễn Văn Đông,Trữ tình
4112,Nhật ký chúng mình,Hoài Phương,Trữ tình
4113,Lời cuối cùng cho nhau,Phượng Linh,Trữ tình
4114,Lá thư người lính chiến,Nguyễn Văn Đông,Trữ tình
4115,Về miền cao nguyên đá,Ngô Sỹ Ngọc,Nhạc trữ tình
4116,Mù say say Thẩm mã Đèo,Ngô Sỹ Ngọc,Nhạc trữ tình
4117,Em là cô gái vùng cao,Ngô Sỹ Ngọc,Nhạc trữ tình
4118,Tôi Phi Thường,Bùi Công Nam,Nhạc trẻ
4119,Love Like You,Đỗ Hiếu,Nhạc trẻ
4120,Love Me Too,Đỗ Hiếu,Nhạc trẻ
4121,Mãi Là Bạn Thân,Đỗ Hiếu,Nhạc trẻ
4122,Nghe Ta Hồi Sinh,Đỗ Hiếu|Nguyễn Đình Thanh Tâm,Nhạc trẻ
4123,Vì Anh,Đỗ Hiếu,Nhạc trẻ
4124,Boom Boom,Đỗ Hiếu,Nhạc trẻ
4125,Hãy Nói Lời Yêu,Johnny Dũng,Nhạc trữ tình
4126,Thanh Xuân Em Là Nụ Cười Anh,Hamlet Trương,"Nhạc Trẻ,Nhạc Trữ Tình"
4127,Sài Gòn Thương Nhớ,Hamlet Trương,"Nhạc Trẻ,Nhạc Trữ Tình"
4128,Lãnh Cung,Hamlet Trương,"Nhạc Trẻ,Nhạc Trữ Tình"
4129,Em Kết Hôn Rồi,Hamlet Trương,"Nhạc Trẻ,Nhạc Trữ Tình"
4130,Nguời Không Có Tim,Hamlet Trương,"Nhạc Trẻ,Nhạc Trữ Tình"
4131,Why,Hamlet Trương,"Nhạc Trẻ,Nhạc Trữ Tình"
4132,Nhạc Cho Anh Cho Tôi,Hamlet Trương,"Nhạc Trẻ,Nhạc Trữ Tình"
4133,Xuân Xa Nhà,Nguyên Minh,Thánh ca
4134,Yêu Lại Người Cũ,Đông Thiên Đức,Ballad|pop|Đông Thiên Đức
4135,Chỉ Còn Lại Nỗi Đau,Đông Thiên Đức,Ballad|Đông Thiên Đức|pop
4136,Mông Phiêu Du,Vũ Xuân Hùng,Vũ Xuân Hùng|Lời Việt|Nhạc ngoại
4137,"Anh Ơi, Thích Anh Rồi",Jin Tuấn Nam,pop|Jin Tuấn Nam
4138,Khi Mùa Đông Qua,Bách Neul,Bách Neul
4139,Hồi Ức Tuổi Thơ,Quang Mạnh,Quang Mạnh
4140,Xuân Về Mà Con Chưa Về,Quang Mạnh,Quang Mạnh
4141,Vội vã yêu nhau,Phong Lê,Nhạc trẻ|Phong Lê
4142,Chỉ cần nhìn thấy em,Phong Lê,Phong Lê|Nhạc trẻ
4143,Tình Thơ Mộng,Vĩnh Phúc,Nhạc tình ca
4144,Niềm cô đơn cuối cùng,Vũ Tuấn Đức|Sỹ Đan,Vũ Tuấn Đức|Sỹ Đan|Nhạc trữ tình
4145,Đoạn tình 3,Vũ Tuấn Đức|Hoàng Việt,Nhạc trữ tình|Vũ Tuấn Đức|Hoàng Việt
4146,Lý Lửa Gần Rơm,Trần Trịnh,Bolero
4147,Ảo tưởng,Chu Minh Ký,Nhạc trữ tình|Chu Minh Ký|Hoàng Tuấn
4148,Hoa Từ Lòng Đất Mẹ,Thế Thông,Nhạc thánh ca|Thế Thông
4149,Lời dối gian muộn màng,Minh Khang,Minh Khang|Nhạc trữ tình|Hoàng Tuấn
4150,Về cùng mùa xuân,Trần Minh Phi,Trần Minh Phi|Nhạc trữ tình|Hoàng Tuấn
4151,Ngũ Bái 2,Thế Thông,Thế Thông|Nhạc thánh ca
4152,Mến Chúa Yêu Người,Thế Thông,Nhạc thánh ca|Thế Thông
4153,Người yêu cũ tình yêu mới,Nguyễn Lê Việt Hùng,Nhạc trẻ|Nguyễn Lê Việt Hùng
4154,Trái tim lạ lùng,Vinh Sử,Bolero
4155,Tiếng Chuông Huyền Diệu,Giác An,Giác An|Phật giáo
4156,Khúc tương tư,Lê Minh Kha,Lê Minh Kha|Nhạc trữ tình|Hoàng Tuấn
4157,Đắng cay tình đời,Nhật Thu,Nhạc trữ tình|Nhật Thu
4158,Đêm mơ nguyệt cầm,Anh Tài,Bolero
4159,Họ cưới nhau,Giao Tiên,Bolero
4160,Vấn biết có một ngày,Sỹ Đan,Sỹ Đan|Nhạc trữ tình
4161,Yêu sao 2 tiếng thân thương Gia đình,Nguyễn Văn Chung,Nhạc thiếu nhi
4162,Làm sao quên,Bằng Giang,Bolero
4163,Những Chặng Đường Phật Sử,Giác An,Phật giáo|Giác An
4164,Tuyết muộn,Lam Phương,Lam Phương|Bolero
4165,Nhớ Đà Lạt,Anh Bằng,Bolero
4166,Biển xanh,Vinh Sử,Bolero
4167,Bên Dòng Sông Xưa,Giác An|Đức Hoàng,Đức Hoàng|Giác An|Phật giáo
4168,Đây Mùa Giáng Sinh,Vĩnh Phúc,Nhạc thánh ca
4169,Sao Em Làm Ngơ,Lý Bông Dừa,Ca cổ
4170,Kiếp sau xin chớ làm người,Giao Tiên,Bolero
4171,Vì sao em hỡi,Vũ Tuấn,Bolero|Vũ Tuấn
4172,Đường anh đường em,Vinh Sử,Bolero
4173,I could love again,Vũ Tuấn Đức,Nhạc trữ tình|Vũ Tuấn Đức
4174,Trái tim xôn xao,Vinh Sử,Bolero
4175,Thức dậy sớm,Nguyễn Văn Chung,Nhạc thiếu nhi
4176,Còn mỗi đêm nay,Lam Phương,Bolero|Lam Phương
4177,Một Lần Gặp Chúa,Thế Thông,Nhạc thánh ca|Thế Thông
4178,Thiên thần mong manh,Anh Bằng,Bolero
4179,Ngũ Bái 1,Thế Thông,Thế Thông|Nhạc thánh ca
4180,Chúa Vẫn Là Vua Trên Muôn Vua,Vĩnh Phúc,Nhạc thánh ca
4181,Mưa trên cánh hồng,Hà Phương,Bolero
4182,Dâng Chúa tình duyên vợ chồng,Sr. Hiền Hòa,Nhạc thánh ca|Sr. Hiền Hòa
4183,Về Bên Chúa,Thế Thông,Nhạc thánh ca|Thế Thông
4184,Cố lên con yêu,Nguyễn Văn Chung,Nhạc thiếu nhi
4185,Người Mù Giêricô,Thế Thông,Thế Thông|Nhạc thánh ca
4186,Đưa tôi về,Anh Bằng,Bolero
4187,Sài gòn gần xa,Trần Thiện Thanh|Vũ Hối,Vũ Hối|Trần Thiệt Thanh|Bolero
4188,Hương vị tình yêu,Giao Tiên,Bolero
4189,Tình người thiếu phụ,Giao Tiên,Bolero
4190,Mai Lỡ Duyên Không Thành,Trần Trịnh,Bolero
4191,Hoa Xót Thương,Thế Thông,Thế Thông|Nhạc thánh ca
4192,Đôi lòng,Ngân Giang,Ngân Giang|Nhạc trữ tình
4193,Hoan Ca Phục Sinh,Thế Thông,Thế Thông|Nhạc thánh ca
4194,Em chỉ yêu anh,Hà Phương,Bolero
4195,Tình sầu đâu,Vinh Sử,Bolero
4196,Anh sai,Nguyễn Lê Việt Hùng,Nguyễn Lê Việt Hùng|Nhạc trẻ
4197,Nỗi Niềm Đêm Noel,Thế Thông,Nhạc thánh ca|Thế Thông
4198,Tạm biệt nhé bạn ơi,Nguyễn Văn Chung,Nhạc thiếu nhi
4199,Mong một niềm vui,Vũ Tuấn Đức,Nhạc trữ tình|Vũ Tuấn Đức
4200,Đôi mắt ấy,Nhật Thu,Nhạc trữ tình|Nhật Thu
4201,Cuối con đường tình,Trần Minh Phi,Nhạc trữ tình|Trần Minh Phi|Hoàng Tuấn
4202,Hoa dáng như tim vỡ,Anh Bằng,Bolero
4203,Tình trong mắt em (Tình trong mắt anh),Khúc Lan,Nhạc ngoại lời Việt
4204,Chuông ơi! đừng reo nữa,Vũ Phương,Vũ Phương|Bolero
4205,Biết không,Sỹ Đan,Nhạc trữ tình|Sỹ Đan
4206,Paris còn gọi mãi tên em,Quốc Anh,Bolero
4207,Chúa Ở Cùng Tôi,Ngân Giang,Nhạc trữ tình|Ngân Giang
4208,Xưa rồi diễm,Vinh Sử,Bolero
4209,Khi em về,Anh Bằng,Bolero
4210,Cung Chúc Tân Xuân,Thế Thông,Thế Thông|Nhạc thánh ca
4211,Chiều nhớ,Vũ Tuấn Đức,Vũ Tuấn Đức|Nhạc trữ tình
4212,Thật hay mơ,Ngân Giang,Ngân Giang|Nhạc trữ tình
4213,Under The Boardwalk,Khúc Lan,Nhạc ngoại lời Việt
4214,Hãy hứa yêu em,Trần Thiện Thanh,Trần Thiện Thanh|Bolero
4215,Tiếng Hát Bay Xa,Thế Thông,Nhạc thánh ca|Thế Thông
4216,Gọi buồn trăm năm,Hoàng Cầm|Nguyên Chi,Bolero
4217,Một Ngày Mai Sẽ Mới,Giác An,Giác An|Phật giáo
4218,Không một lời chia tay,Anh Bằng,Bolero
4219,Hạt Mưa Thánh Ân,Thế Thông,Nhạc thánh ca|Thế Thông
4220,Chuyện tình đầu,Ngọc Sơn,Bolero|Ngọc Sơn
4221,Lấy gì Dâng Chúa,Thế Thông,Nhạc thánh ca|Thế Thông
4222,Xuân Thì Thầm,Thế Thông,Nhạc thánh ca|Thế Thông
4223,Mưa buồn tháng hạ,Ngân Giang,Ngân Giang|Nhạc trữ tình
4224,Nỗi Nhớ Quê Hương,Giác An,Giác An|Phật giáo
4225,Tự trách mình,Vinh Sử,Bolero
4226,Tà áo quê hương,Quốc Anh,Bolero
4227,Tài tử bất đắc dĩ,Giao Tiên,Bolero
4228,Tập lái vespa,Anh Bằng,Tân nhạc
4229,Trần gian khát mong,Sr. Hiền Hòa,Nhạc thánh ca|Sr. Hiền Hòa
4230,Mùa Hoa Đẹp Tươi,Thế Thông,Thế Thông|Nhạc thánh ca
4231,Biển Tình Xót Thương,Thế Thông,Nhạc thánh ca|Thế Thông
4232,Người ấy bây giờ đang ở đâu,Anh Bằng,Bolero
4233,Mỉm cười đến trường,Nguyễn Văn Chung,Nhạc thiếu nhi
4234,Mùa xuân cho ngọ,Vinh Sử,Bolero
4235,Tình Chúa Khôn Vơi,Thế Thông,Thế Thông|Nhạc thánh ca
4236,Tình mùa đông,Lam Phương,Lam Phương|Bolero
4237,Tình buồn đêm nay,Vũ Tuấn,Bolero|Vũ Tuấn
4238,Tôi là ai,Vinh Sử,Bolero
4239,Mưa trong mắt em,Vũ Tuấn Đức,Nhạc trữ tình|Vũ Tuấn Đức
4240,Mẹ quê hương,Vinh Sử,Bolero
4241,Rạng Ngời Sắc Xuân,Thế Thông,Nhạc thánh ca|Thế Thông
4242,Tình hận người vượt biển,Trần Thiện Thanh,Bolero|Trần Thiện Thanh
4243,Thương về quê em,Lam Phương,Lam Phương|Bolero
4244,Nhịp cầu uyên ương,Giao Tiên,Bolero
4245,Có một người thơ,Vinh Sử,Bolero
4246,Chiều về quê xưa,Hà Phương,Bolero
4247,Don't know why,Vũ Tuấn Đức,Vũ Tuấn Đức|Nhạc trữ tình
4248,Hồng hồng tuyết tuyết,Anh Bằng,Bolero
4249,Fly Away,Nguyễn Huy Điền,Nguyễn Huy Điền|Nhạc trữ tình
4250,Dối mẹ,Giao Tiên,Bolero
4251,Chiếc áo mùa đông,Lam Phương,Lam Phương|Bolero
4252,Người Về không Như Tưởng Tượng,Ngân Giang,Ngân Giang|Nhạc trữ tình
4253,Duyên thắm tình nồng,Nhật Thu,Nhật Thu|Nhạc trữ tình
4254,Mái tóc,Anh Bằng,Bolero
4255,Niềm Vui Chúa Đến,Thế Thông,Nhạc thánh ca|Thế Thông
4256,Thầy cô và bụi phấn,Vinh Sử,Bolero
4257,Xin Tạ Ơn Ngài,Thế Thông,Thế Thông|Nhạc thánh ca
4258,Hình Bóng Mẹ Hiền,Giác An,Phật giáo|Giác An
4259,Điệu Ru Đêm Thánh,Vĩnh Phúc,Nhạc thánh ca
4260,Khi trái tim biết yêu,Khúc Lan,Nhạc ngoại lời Việt
4261,Chuyện tình hoa cát đằng,Hà Phương,Bolero
4262,Bến tre thơm ngát hương dừa,Minh Thùy,Ca cổ
